Method,Source,N_segments,NonEmpty,Mean_k,Median_k,UniqueTerms,MultiwordRate,ShannonEntropy,HHI,InTextHitRate,ContextFit,N_seg
ABAE,kaskus,7506,0.9512390087929656,2.5562216893152145,3.0,8023,0.369573148485954,12.110056697026074,0.0005375142042396618,0.7638422035480859,0.24811500310897827,7506
ABAE,reddit,1101,0.9618528610354223,2.6130790190735693,3.0,1842,0.36635384080639555,10.507671740669737,0.0010033672303524457,0.71671388101983,0.23279134929180145,1101
BERTopic,kaskus,7506,0.9997335464961364,2.490007993605116,3.0,11232,0.5847512038523275,11.992591399553865,0.0032753314261779205,0.8551661336176261,0.2972918450832367,7506
BERTopic,reddit,1101,1.0,2.4968210717529518,3.0,2032,0.6238632229901783,10.290774563004739,0.0033234083203113923,0.7658189524674538,0.2818987965583801,1101
BTM,kaskus,7506,0.9722888355981881,2.572342126298961,3.0,2570,0.027760513776672883,9.206567680648437,0.0072149254188710885,0.9261898236959897,0.239251971244812,7506
BTM,reddit,1101,0.9872842870118075,2.645776566757493,3.0,882,0.014418125643666324,8.474363860345605,0.007643447363400215,0.8679852805887764,0.21702122688293457,1101
CTM,kaskus,7506,0.9551025845989874,2.554489741540101,3.0,6164,0.32961301762803796,10.586200310584543,0.0038750222512496197,0.797740270609569,0.2860325574874878,7506
CTM,reddit,1101,0.9700272479564033,2.629427792915531,3.0,1398,0.34404145077720205,9.40302431378672,0.00446496699389397,0.7137952559300873,0.26660215854644775,1101
Hybrid,kaskus,7506,0.9464428457234213,2.15427657873701,3.0,8198,0.3515151515151515,12.090483923287632,0.0006093191197884562,0.8900150150150149,0.2824690639972687,7506
Hybrid,reddit,1101,0.96094459582198,2.215258855585831,3.0,1609,0.31898318983189833,10.270602895399985,0.0012498484968449784,0.8736609955891619,0.2701120674610138,1101
LDA,kaskus,7506,0.9537703170796696,2.5115907274180653,3.0,2644,0.016496923403352428,9.553689495632636,0.006063614826495871,0.9307631419658239,0.22397825121879578,7506
LDA,reddit,1101,0.9727520435967303,2.59763851044505,3.0,1115,0.00944055944055944,9.16655902614618,0.0045422759059122325,0.8812636165577341,0.20280495285987854,1101
NMF,kaskus,7506,0.9517719158006928,2.4281907807087664,3.0,2355,0.016953802260506967,9.3359007277351,0.00504391085943396,0.9231989548338932,0.2205156832933426,7506
NMF,reddit,1101,0.9727520435967303,2.5304268846503177,3.0,868,0.007896625987078248,8.590547276231424,0.0061470309191326645,0.8653906006847183,0.20188887417316437,1101
Top2Vec,kaskus,7506,0.9997335464961364,2.9758859579003465,3.0,3750,0.022652997269105073,9.377193652471185,0.006316990196500787,0.877065565031983,0.22016607224941254,7506
Top2Vec,reddit,1101,1.0,2.9990917347865578,3.0,1045,0.01241671714112659,8.69856946463348,0.006612735118961661,0.8319709355131698,0.1981738656759262,1101
