seg_key,comment_id,seg_id,source,date,seg_text
193__0,193,0,reddit,2022,melirik ke jerman Walaupun telat yg penting akan gerak
2210__23,2210,23,kaskus,2017-03-10 09:53:23,Keberadaan natural monopoly cuma dipercayai oleh ekonom yang beraliran sosialisme.
2184__5,2184,5,kaskus,2017-03-10 12:47:10,"Saya juga mendengar cerita dari orang yang mengelola limbah radioaktif di Hanford Site, dan dia mengatakan hal serupa: Bekerja di instalasi pengelolaan limbah radioaktif itu lebih aman daripada makan di"
2496__14,2496,14,kaskus,2016-10-15 07:38:11,hahaha :D
1541__2,1541,2,kaskus,2012-12-23 09:37:28,"jadi kalo ada apa2, ya jakarta yg duluan :p jakarta jangan mau"
2204__49,2204,49,kaskus,2017-03-10 10:15:18,"jangan sampai suatu saat nanti indonesia baru mulai membangun pembangkit listrik tenaga nuklir, saat negara lain sudah meninggalkannya."
992__1,992,1,kaskus,2017-09-23 21:32:37,"cuma untuk skala desa saat ini sudah lebih dari cukup, kyk di india ato bangladesh yang blm terjangkau listrik"
2044__8,2044,8,kaskus,2017-06-24 02:46:55,Tapi ini proses belajarnya boleh dibilang sudah komplit.
2290__0,2290,0,kaskus,2017-03-09 21:48:18,Bener Dari segi modal dan sdm indonesia udah sangat mampu
2204__26,2204,26,kaskus,2017-03-10 10:15:18,% energi solarcell saat ini sudah mencapai <NUM> - <NUM> % energi panas bumi dan angin ??
2204__38,2204,38,kaskus,2017-03-10 10:15:18,"namun kabar buruknya saat satu bagian kecil saja dari system besar itu terjadi masalah, maka seluruh pengguna listrik akan merasakan akibatnya."
2346__0,2346,0,kaskus,2017-03-09 19:40:21,kalo bangun turbin airnya di bawah laut yang dialiri arus panas/dingin bisa ngga?
2371__1,2371,1,kaskus,2017-03-09 12:34:38,"Kasih saja izin ke pemda untuk bikin perusahaan listrik di daerahnya masing-masing, terus kasih izin perusahaan-perusahaan itu supaya bisa pasang kabel di daerah lain."
1721__24,1721,24,kaskus,2012-10-17 23:57:49,ad aperang...pada tau lah biar ada <NUM> orang dan <NUM> nya pinter
1671__6,1671,6,kaskus,2012-10-24 11:50:22,"Di negara maju, kebersihan sangat dijaga, Bahkan kamar mandi di PLTN lebih bersih daripada di rumah sakit."
1781__1,1781,1,kaskus,2012-10-16 14:13:30,Bikinnya di tempat yang kagak beresiko ada kejadian buruk.
935__5,935,5,kaskus,2017-09-25 22:48:13,memang kendaraan listrik di indonesia tidak bisa terlalu cepat di implementasikan selama infrastrukture di kita juga masih minim.
2085__5,2085,5,kaskus,2017-03-16 00:10:56,"tp gimana konsumer bisa mendapat harga semurah2nya dengan kualitas sebaik2nya sekarang states di amerika ada <NUM> , ditambah model negara lain ada ratusan"
1633__0,1633,0,kaskus,2012-10-27 08:24:15,"setuju,asal lokasinya aman dari gempa"
384__0,384,0,reddit,2023,"ya semua gara2 sutikonto, org budget mrt dia malah bikin busway."
1729__1,1729,1,kaskus,2012-10-17 17:03:07,jepang oleh pemerintah jepang setelah keluar vidio dari blog orang jepang tentang dampak radiasi di pesisir timur jepang.
1962__1,1962,1,kaskus,2012-10-12 20:34:58,Bosan gue dgn yg ginian Bangsa kita harus majuuu men !!!
401__0,401,0,reddit,2023,"Or even better, Nuclear Battery macam Fallout"
2238__37,2238,37,kaskus,2017-03-10 07:56:26,Natural monopoly kok dibilang akal-akalan pemerintah.
2002__0,2002,0,kaskus,2025-01-10 20:24:04,Hilirisasi itu beneran ada ?
1082__4,1082,4,kaskus,2016-01-23 23:49:54,"Fyi, di desa2 di daerah gw masih banyak yg blom dapat listrik."
353__0,353,0,reddit,2023,Asap PLTU nggak dhitung?
2068__3,2068,3,kaskus,2017-03-26 20:28:23,Pranala itu hanya menyebutkan harga listrik jatuh karena B I total oversupply /I akibat tidak adanya infrastruktur transmisi listrik yang memadai.
2089__4,2089,4,kaskus,2017-03-15 16:06:39,estimasi maksimal hanya B <NUM> GW /B yang realistis.
424__0,424,0,kaskus,2017-08-29 04:32:40,"hehehe, yoi agan-agan kagak bakal mau lah.."
1914__8,1914,8,kaskus,2012-10-12 23:24:40,yg kecil blon bisa dah pgn yg gede2...hahahah...
1929__6,1929,6,kaskus,2012-10-12 22:16:04,belum lagi angin gunung yang menusuk jantung aduhaiiii lautan dan curug2 tuh...
1492__0,1492,0,kaskus,2013-07-30 16:30:09,murah tapi resiko tinggi hehe harap-harap cemas...
1693__3,1693,3,kaskus,2012-10-19 23:29:08,"angin harus bertiup konstan, angin perlu kecepatan tertentu Air : arus air harus konstan dan deras, musim kemarau?"
931__4,931,4,kaskus,2017-09-30 09:32:47,karena banyak potensi well...
9__11,9,11,reddit,2022,"Sebenernya masih banyak yang bisa dibahas sih soal EBT, terutama soal ke- fanatikan netizen sama tenaga nuklir"
2126__10,2126,10,kaskus,2017-03-12 13:34:54,bisa dijawab sendiri gan.
1351__0,1351,0,kaskus,2015-04-12 20:48:36,"PLTS lebih aman, ekonomis, dan berdaya jual"
222__0,222,0,reddit,2022,Nanti selanjutnya senjata nuklir bisa ga : <NUM>
6__0,6,0,reddit,2022,Large scale storage belum ada bro.
1821__2,1821,2,kaskus,2012-10-16 09:26:48,"> <NUM> % adalah tamatan S3 (sd-smp-sma), maka akan cenderung berfikir opsi pertama."
1373__0,1373,0,kaskus,2014-01-06 09:22:21,jangan bangun pltn cuma karena semua harus dipakai tidak harus semua harus dipakai.....yg penting aman dan bahan bakarnya cocok dg kondisi kita shg jatuhnya murah
1312__0,1312,0,kaskus,2015-10-29 21:01:05,ane dukung pltn <NUM> % gan....
2184__8,2184,8,kaskus,2017-03-10 12:47:10,artinya limbah radioaktif memang bisa dikelola dan tidak begitu merepotkan.
1702__3,1702,3,kaskus,2012-10-18 15:54:42,"saking ramah lingkungannya, emisi yg timbulkan sama atau kurang dari emisi yang ditimbulkan radiasi natural yang bersumber dari gas radon, sinar kosmik, sinar ekstra terestrial, plus emisi yg ditimbulkan oleh"
1835__7,1835,7,kaskus,2012-10-16 02:09:15,apa indonesia mampu?
1933__1,1933,1,kaskus,2012-10-12 22:02:54,"Reaktor nuklir di Bandung aja belum pernah ada masalah ampe sekarang sejak berdiri tahun <NUM> , dayanya lumayan bisa generate listrik sampe <NUM> MW"
918__12,918,12,kaskus,2019-01-28 10:36:33,Ini aturan di akhir <NUM> .
2204__21,2204,21,kaskus,2017-03-10 10:15:18,) untuk panas bumi dan angin merupakan energy yang di tangkap dari proses lanjutan yang didapatkan dari energi matahari.
1869__4,1869,4,kaskus,2012-10-15 14:29:45,:fuck: yang terulang di sini masalah pltn ancur abis itu menyebar radiasi...bukan penyebab ancurnya tuh pltn...:think: ga usa gw kasi tabel perbandingan...soal effective cost dan energi yang dihasilkan jelas pltn
2086__11,2086,11,kaskus,2017-03-15 22:33:27,"Iya, kita di khatulistiwa, gak pusing musim dingin di mana siangnya pendek."
506__66,506,66,kaskus,2013-04-03 09:12:35,Pemerintah telah mengeluarkan Keputusan Presiden yang menjamin dukungan untuk investasi dalam proyek infrastruktur panas bumi (PR no.
2237__4,2237,4,kaskus,2017-03-10 07:56:57,"karena untuk menyalurkan listrik dari lokasi PLTP juga butuh infrastruktur jaringan, ( <NUM> ) Pengeboran sumur panas bumi itu mahal dan belum tentu berhasil,"
2438__4,2438,4,kaskus,2016-10-15 18:21:00,lebih rincinya cari tau sendiri aja dah di Kak Wikipedia.co.id :bikini:ngacir:
1123__1,1123,1,kaskus,2017-01-06 18:17:53,Tidak harus terkait dengan PLTN.
2210__33,2210,33,kaskus,2017-03-10 09:53:23,"Secara teknis, keberadaan dua, tiga, atau sepuluh kabel yang menyalurkan listrik ke suatu wilayah bukan sesuatu yang mustahil dilakukan."
2306__1,2306,1,kaskus,2017-03-09 20:51:31,Kalau lihat dr data itu memang sama sekali tidak menghasilkan angka yang wah.
465__1,465,1,kaskus,2017-08-22 06:53:44,"Hehe Kalau pakek PLTB model tidal/blade, faktor diameter mempengaruhi emang gan."
1345__1,1345,1,kaskus,2015-04-13 12:40:29,tapi fakta yg ada malah diputar-balikkan ama TEPCO (Tokyo Electric Power)...
1662__0,1662,0,kaskus,2012-10-24 13:35:48,"B TIDAK SETUJU /B PLTN adalah proyek yang sangat serius, perlu penanganan yang sangat profesional."
329__1,329,1,reddit,2023,"Lebih baik jangan gegabah, pembangkit listrik yg paling ideal di indo itu tenaga geothermal/panas bumi tapi ya blm seefektif batubara"
575__13,575,13,kaskus,2016-01-20 17:54:07,"Untuk itu, selain mencari sumur-sumur produksi baru untuk menghasilkan uap yang dibutuhkan untuk pembangkitan, pengembang juga harus mencari sumur-sumur injeksi dengan lokasi dan kedalaman yang tepat untuk menginjeksikan air hasil"
113__2,113,2,reddit,2023,It s like saying airplanes are dangerous because many people have died during the crash but look where we are today.
821__0,821,0,kaskus,2018-05-17 11:11:40,"di spbu resmi jelas <NUM> harga, dari dulu jg <NUM> harga."
339__7,339,7,reddit,2019,"Kalau perlu, RDE itu dicopot dan dibawa ke luar pulau, bikin kantor BATAN disitu, dan pasang, sekitarnya kena listrik dan nggak menyalahkan UU."
295__1,295,1,reddit,2023,PLN cuma bantu aja di kelistrikan.
2367__14,2367,14,kaskus,2017-03-09 14:20:55,Monopoli jaringan kabel PLN itu sudah benar.
2261__0,2261,0,kaskus,2017-03-10 00:03:43,"Lah gan, datanya juga menunjukkan penggunaan energi terbarukan dan mendirikan turbin angin dan panel surya sebagai penghasil listrik masih kalah jauh kuantitasnya dibanding dengan energi fosil dan nuklir."
1555__0,1555,0,kaskus,2012-12-21 15:43:04,"kebutuhan akan sumber energi baru dan terbarukan semakin mendesak,"
282__0,282,0,reddit,2023,Dari artikel kompas yang kamu SS: PLTS Atap tidak bisa dipatok dengan nominal tertentu.
1980__1,1980,1,kaskus,2012-10-12 19:06:12,Di Pulau Jawa aja...
2306__6,2306,6,kaskus,2017-03-09 20:51:31,Intinya mereka tetap optimis pada energi alternatif yang bebas resiko.
696__0,696,0,kaskus,2021-11-17 12:50:24,ane sbgai warga negara yg taat pajak dan hukum bayar pajak apapun gak masalah.
691__2,691,2,kaskus,2021-11-17 16:25:38,"banyak kok mobil2 pick up,truck dan bus asap nya banyak banget dan ada yang ga layak jalan berlalu lalang dengan dokumen lulus emisi.."
2104__0,2104,0,kaskus,2017-03-15 09:21:26,"Dah, udah, urusan PLN itu kalau dibicarakan sampai jaman Gundam juga gak bakal selesai."
2044__12,2044,12,kaskus,2017-06-24 02:46:55,Lu tinggal tes mengemud buat ambil SIM.
1177__2,1177,2,kaskus,2015-03-20 19:02:19,:iloveindonesias :iloveindonesias :iloveindonesias TS lucu amat...
1736__0,1736,0,kaskus,2012-10-17 08:47:31,"justru energi baru itu dari nuklir,kalo ga ngapain negara2 maju kluarin milyaran dolar buat penelitian nuklir Cuma nuklirnya ya proses satunya lagi yaitu fusion."
302__8,302,8,reddit,2023,jadi kalau rumahmu punya tenaga surya di atapnya dan ada surplus bisa dilempar ke jaringan luar dan bisa dijual .
573__15,573,15,kaskus,2016-01-27 21:15:02,"Tentunya banyak faktor penyebab berhentinya kegiatan eksplorasi tersebut antara lain kondisi finansial perusahaan pengembang, pemboran tidak membuahkan hasil (dry hole), dan masih ada banyak lagi."
1669__5,1669,5,kaskus,2012-10-24 11:57:06,terus melonjak Orang tenang2 aja beraktivitas
1398__0,1398,0,kaskus,2013-12-05 10:53:53,"bangun aja diserpong lagi, sebelahnya siwabessy.....kalau ditempat lain bakalan ribut tuh......mending ditempat yg udah ada reaktor nuklirnya, jadi jatohnya extension"
2057__5,2057,5,kaskus,2017-04-08 22:01:41,Energi nuklir adalah salah satu bentuk dari energi baru.
1082__0,1082,0,kaskus,2016-01-23 23:49:54,"Biar aja ngimpor, yg di jawa enak ga pernah ngerasain byar pet."
6__3,6,3,reddit,2022,Semoga aja ada yg beneran jadi secepatnya.
916__8,916,8,kaskus,2019-01-28 12:39:02,"Permen ESDM Nomor <NUM> Tahun <NUM> , Permen ESDM Nomor <NUM> tahun <NUM> , dan Permen <NUM> Tahun <NUM> ."
1243__1,1243,1,kaskus,2015-03-18 20:52:03,paling cuma bisa buat sekelurahan.
1058__13,1058,13,kaskus,2016-01-30 11:04:16,gak usah mikir dan gak capek kerja....
1062__3,1062,3,kaskus,2016-01-30 08:06:37,"cuman memperindah angan-angan tapi nggak berdaya ketika berhadapan dengan kenyataan....rakyat jangan dicekokin ama hal-hal kayak gituan kita ini nggak sendirian hidup di dunia....kita juga membutuhkan orang lain, begitu juga dalam"
1981__2,1981,2,kaskus,2012-10-12 19:04:30,artinya sederhana : PLN masih belum efisien dalam mengelola kapasitas listrik yang sudah tersedia.
1751__47,1751,47,kaskus,2012-10-16 21:06:37,Kesepuluh negara di atas tahu benar cara memanfaatkan energi secara maksimal demi kemakmuran rakyatnya
1974__0,1974,0,kaskus,2012-10-12 19:29:38,"ring of fire kecuali kalimantan, kalimantan yg paling aman ..."
1233__19,1233,19,kaskus,2015-03-20 07:58:27,"kenapa nuklir sebagai pembangkit listrik masih aja ditolak oia, kalo mau, agan bisa search kok nuklir untuk listrik sebetulnya cukup aman."
2365__2,2365,2,kaskus,2017-03-09 15:57:56,trus kalo model pembangkit tenaga air ga pake batere jg?
1898__2,1898,2,kaskus,2012-10-15 08:57:15,korea aja malah nambah PLTN terus...
2052__0,2052,0,kaskus,2017-04-30 20:56:22,entar indonesia manggil tony stark buat bangun arc reactor
142__0,142,0,reddit,2023,"Saya asumiin yang anda maksud itu MSR, dan ya itu aman banget sistem keamanannya udah dibikin simpel dan pakai hukum alam biar kalo fasilitas mati bisa tetep buang bahan bakar"
2223__7,2223,7,kaskus,2017-03-10 09:08:30,"sebenarnya, angin dan matahari cocok untuk program sosial pada saat ini."
1654__1,1654,1,kaskus,2012-10-24 19:55:09,kalau IAEA akan memberikan pengawasan SUPER KETAT baik dari proses tender pembangunan sampai pengoperasian :siul yang koar-koar nampaknya lupa
2182__1,2182,1,kaskus,2017-03-10 13:04:59,:bingungs e
108__0,108,0,reddit,2023,"(Greenpeace) mereka banyak alasan sih, fearmongering di website mereka sendiri sampai-sampai nyamain senjata nuklir dengan PLTN, It makes me wonder who is financing Greenpeace, perhaps an oil and gas company?"
2035__1,2035,1,kaskus,2017-07-19 10:08:39,Potensi angin di Indonesia tidak besar jika dibandingkan dengan kebutuhan listrik Indonesia.
1852__16,1852,16,kaskus,2012-10-16 00:01:30,Bagaimana cara menanganinya?
1861__0,1861,0,kaskus,2012-10-15 23:32:53,Setuju aja siihh..
2496__4,2496,4,kaskus,2016-10-15 07:38:11,"soalnya hasil diskusi dengan senior dan kuliah, pembangkit panasbumi harus di monitoring"
2034__0,2034,0,kaskus,2017-07-19 20:25:45,Jerman masih nyambung sebagian energinya pake pltn nya perancis....
1981__13,1981,13,kaskus,2012-10-12 19:04:30,jangan sampai investasi yang telah dikucurkan akhirnya menjad duri di dalam daging dan menambah beban finansial untuk PLN sendiri CMIIW
1286__2,1286,2,kaskus,2016-04-24 21:39:47,kebayang gak jepang yg udh semaju itu budaya dan pendidikan masyarakatnya masih ketar-ketir jg pas tau reaktornya bocor.
916__3,916,3,kaskus,2019-01-28 12:39:02,Lo bawa bawa permen no <NUM> tahun <NUM> di atas itu bahas PLTS...
1858__1,1858,1,kaskus,2012-10-15 23:40:43,dari situ kita bisa manfaatiin tuh untuk pengurangan utang dll misalnya.
1039__0,1039,0,kaskus,2015-12-27 23:43:31,"Setahun 16T dana cadangan, sehari berarti sekitar 44M masuk kas ..."
1671__4,1671,4,kaskus,2012-10-24 11:50:22,"Namun, jika terjadi kerusakan atau kebocoran, hal itu baru bisa terselesaikan setelah <NUM> tahun, kata dia menjawab pers di Hotel Atlet Century, Jakarta, kemarin."
1528__1,1528,1,kaskus,2012-12-23 14:52:25,jangan di pu au jawa deh :Peace:
482__2,482,2,kaskus,2017-08-18 21:06:14,Cuma itu doang dr EBT yg bisa STABIL (paling penting) dan besar outputnya :p yg lainnya...
2474__5,2474,5,kaskus,2016-10-15 10:23:09,infrastruktur mahal dong.
434__1,434,1,kaskus,2017-08-28 05:59:14,"Diperlukan eksplorasi panas bumi detail Dan mendalam di lapangan mengenai potensinya, yg belum tentu sukses atau kapasitasnya sesuai harapan."
2223__1,2223,1,kaskus,2017-03-10 09:08:30,dimana nuklir itu biasanya bersebrangan dengan renewable energy.
1774__2,1774,2,kaskus,2012-10-16 15:18:14,cuma bisa ngidupin sebagain kecil area rumah dengan daya ngga lebih dari 300w/rumah.
1388__0,1388,0,kaskus,2014-01-05 22:09:49,tau gak napa fukushima bisa meltdown ?
1725__0,1725,0,kaskus,2012-10-17 19:44:12,"waduhh, thorium aja masih dalam tahap riset, butuh bertahun-tahun pasti"
489__1,489,1,kaskus,2013-06-23 12:25:11,Lainnya dibawah 10Mw
2505__2,2505,2,kaskus,2016-10-15 06:49:47,":ngakak yap tepat dan benar, biaya untuk membangun sebuah PLTU (atau kami lebih suka menyebutnya PLTP) itu sangat mahal,, mulai dari research sampai keluar uap itu tidaklah murah, blom lagi"
630__0,630,0,kaskus,2022-05-04 13:57:56,img <URL> It s time for....
2109__5,2109,5,kaskus,2017-03-13 14:58:39,Alpha radiation can be stopped by PAPER.
224__0,224,0,reddit,2022,"Kita udah tanda tangan perjanjian ini, so no."
917__10,917,10,kaskus,2019-01-28 11:28:15,kok muter muter...
2380__3,2380,3,kaskus,2017-03-09 08:43:21,"url <URL> Sedangkan Denmark di Eropa tidak punya tambang uranium,"
1559__0,1559,0,kaskus,2012-12-21 15:27:44,buat apaan pake tenaga nuklir?
337__1,337,1,reddit,2019,"is Private entities supervised our SDM for power company not adequate yet (not for the next decade at least) to handle nuclear, initial kickstart would ideally be lead by the"
607__2,607,2,kaskus,2015-04-24 10:20:03,Tapi kok kayaknya malah lebih rame mengenai pembangunan PLTN ya.
877__0,877,0,kaskus,2012-11-07 12:16:44,"semoga bisa diterapin di Indonesia tuh sumber energi yg ramah lingkungan, kyaknya sebagian dah ada yah di Indonesia :iloveindonesias:iloveindonesias bantu :rate5 gan:sundulgans"
476__0,476,0,kaskus,2017-08-20 14:25:20,"Tul gan, disitu tantangan teknis yang di negara maju sebenarnya sudah terjawab di negara maju seperti Jerman hehehe, oh ya ane juga udah nulis buat 15HariCeritaEnergi hari ke <NUM> gans,"
1401__0,1401,0,kaskus,2013-12-05 09:25:47,klo dipake bom nuklir juga boleh..kan negara jadi punya nilai tawar di mata negara lain...
373__1,373,1,reddit,2023,Apa karna mager tata ulang kotanya yah ?
710__7,710,7,kaskus,2021-11-17 09:31:03,Tapi kalau belum seperti itu ya sebaiknya jangan deh.
1058__1,1058,1,kaskus,2016-01-30 11:04:16,gak usah repot repot swasembada....
2357__2,2357,2,kaskus,2017-03-09 19:20:29,Khusus nya di tempat reaktor nuklir yg rusak itu (terdampak gempa paling keras)
917__7,917,7,kaskus,2019-01-28 11:28:15,tapi masih berusaha mengejar target..
1725__5,1725,5,kaskus,2012-10-17 19:44:12,"padahal pembangkit2 tersebut butuh bahan bakar lain yang justru gak efisien,"
2390__0,2390,0,kaskus,2025-02-24 13:05:21,mention replykgpt /mention berikan contoh energi bersih
1846__6,1846,6,kaskus,2012-10-16 00:32:06,"turbin gas, dan masih banyak lagi ."
1457__2,1457,2,kaskus,2013-12-03 11:04:19,SERPONG (jadi area penguburan limbah Radioactive bekas medis dan <NUM> reaktor lain di seluruh Indo sejak <NUM> ) :p
1852__10,1852,10,kaskus,2012-10-16 00:01:30,"Mana yang banyak didukung, ikut-ikutan mendukung."
1781__13,1781,13,kaskus,2012-10-16 14:13:30,Lw pikir nyiptain teknologi gitu gampang?
1699__11,1699,11,kaskus,2012-10-19 13:14:09,"Ane sih mendukung adanya PLTN, semoga dari ujung barat ampe timur Indonesia semuanya sudah terakmodasi listrik yg tidak bbyar pet, tidak bergiliran pemadamannya."
2440__1,2440,1,kaskus,2016-10-15 18:13:04,":D ya ga sepenuhnya mungkin gan, banyak juga yang tadinya dikuasai Pemerintah, setelah dilepas pake mekanisme pasar malah"
280__0,280,0,reddit,2023,Bukannya panel surya itu efisiensinya relatif rendah?
865__0,865,0,kaskus,2016-02-28 09:16:45,"makin k sini, makin suram aja ni pemerintahan"
507__1,507,1,kaskus,2013-04-03 08:48:58,Ini jauh lebih mahal.
640__2,640,2,kaskus,2022-07-09 19:43:26,"jika diganti EBET biar gak ambigu / bikin bingung Liquid coal, coal gasification, CBM (atau bahasa modern nya semua termasuk dalam clean coal) itu emang bukan energi terbaharukan,"
2062__2,2062,2,kaskus,2017-03-27 14:27:29,"nuklir adalah jalan paling I viable /I , jalan lain terlalu I complicated /I , mahal dan tidak bisa diandalkan."
1563__3,1563,3,kaskus,2012-12-21 10:05:56,beli dari luar?
1590__4,1590,4,kaskus,2012-12-21 07:02:06,"Ketika kita terus berwacana dan berdebat pro dan kontra, sadar atau tidak kita tidak pernah menyelesaikan <NUM> masalah pun."
240__0,240,0,reddit,2023,Vote Depok buat jadi lokasi PLTN.
410__12,410,12,reddit,2023,So I could see your point about the Fuel Cell economics.
1751__11,1751,11,kaskus,2012-10-16 21:06:37,Pembangkit tenaga nuklir China dibangun sebagai energi alternatif listrik batubara yang sudah mulai langka.
107__1,107,1,reddit,2023,What else do you want?
1781__4,1781,4,kaskus,2012-10-16 14:13:30,Banyak ahli nuklir di Indonesia yang tau harus seketat apa isinya PLTN itu.
1621__2,1621,2,kaskus,2012-11-06 12:23:54,kan orang indo baru cuma bisa neliti aja nuklir itu apa..
303__4,303,4,reddit,2023,"Garis pantai kita terpanjang di dunia, tinggal manfaatin aja di tiap-tiap pulau atau bukit."
1018__0,1018,0,kaskus,2016-07-26 10:29:25,"Mantap, indonesia memang kaya, mataharinya aja beda kualitas, di amrik"
1746__6,1746,6,kaskus,2012-10-16 21:51:57,Kami mengerti dan kami paham.
710__3,710,3,kaskus,2021-11-17 09:31:03,Memberantas korupsi dengan memberikan pelakunya hukuman mati.
103__1,103,1,reddit,2023,We do Chernobyl.
581__0,581,0,kaskus,2015-09-25 19:41:35,"Thanks gan, selamat bergabung, mudah-mudahan berguna buat nambah wawasan tentang betapa besarnya potensi energi ini di negeri kita."
416__2,416,2,kaskus,2017-08-31 21:27:38,Nuhun url <URL>
1704__0,1704,0,kaskus,2012-10-18 12:34:46,"buset, mau bangun PLTN apa blackwater HQ :hammer: selalu memandang bule itu pintar :o"
1807__1,1807,1,kaskus,2012-10-16 11:17:59,sekarang yang dibawa2 soal limbahnya...
1849__4,1849,4,kaskus,2012-10-16 00:10:07,tapi emang agak mahal dari segi biaya.
268__0,268,0,reddit,2023,"Kalo panelnya ga hilang duluan, lampu jalan aja kadang panel nya hilang"
1751__17,1751,17,kaskus,2012-10-16 21:06:37,Tahun <NUM> pemerintah Kanada berencana akan membangun sebuah stasiun nuklir baru
1800__1,1800,1,kaskus,2012-10-16 12:14:20,"braiyton atau rankine , di Indonesia sudah ada nih, emang pada pembangkit yang lama kebanyakan heatnya terbuang percuma."
986__6,986,6,kaskus,2017-09-23 22:15:55,kalaupun ada opsi perseorangan atau rumah tangga biasa..
1707__9,1707,9,kaskus,2012-10-18 12:24:22,Cleaning Service dr sana sampai operator dr Chicago University :D
1712__1,1712,1,kaskus,2012-10-18 07:19:35,"semua beresiko, semakin tinggi resikonya, awarenessnya juga pasti semakin baik, selama mengikuti aturan dan prosedur yang sudah baku di pemanfaatan nuklir, Insya Allah Aman Kalimantan bisa"
2095__12,2095,12,kaskus,2017-03-15 14:21:04,Untuk sementara ini kita kurang minat dengan teknologi ini.
2281__0,2281,0,kaskus,2017-03-09 22:21:54,Kenapa TS anti banget yah sama Jerman dan Denmark Ane pribadi masih percaya kalo ke depan energi terbarukan seperti solar dan angin masih paling pas untuk ke depannya
557__3,557,3,kaskus,2017-02-27 13:08:14,Porsi energy mix Indonesia hingga tahun <NUM> di angka <NUM> % namun dengan kebutuhan energi yang terus meningkat.
1421__0,1421,0,kaskus,2013-12-03 12:46:40,"B ntar kalo reaktornya bocor gara2 bikinnya ga sesuai prosedur, takdir yg jadi kambing hitam :D /B"
1580__0,1580,0,kaskus,2012-12-21 08:38:09,menurut ane sih terlalu bersiko klo pake pembangkit nuklir di indonesia.
383__4,383,4,reddit,2023,Karena sering kali kalau ngikutin jalur yg udah ada malah muter jadinya lebih lama.
2381__7,2381,7,kaskus,2017-03-08 20:50:43,"mungkin terkenang kejayaan masa lampau :lehuga by the way, ada yg tau gak data valid tentang cadangan uranium di Jerman dan Denmark?"
506__25,506,25,kaskus,2013-04-03 09:12:35,"Mekanisme ini menetapkan bahwa negara maju harus mengurangi emisi gas rumah kaca (GRK) sebesar <NUM> % terhadap emisi tahun <NUM> , dapat melalui pembelian energi bersih dari negara berkembang yang"
2380__4,2380,4,kaskus,2017-03-09 08:43:21,"tapi katanya ada uranium di Tanah Hijau, pulau terbesar di dunia, koloni Denmark dekat Kutub Utara."
931__0,931,0,kaskus,2017-09-30 09:32:47,-Geothermal buat diindonesia bagus bgt tapi kurang maju
1342__8,1342,8,kaskus,2015-04-14 08:00:50,jadi inceran banyak tikus mafia jabatan).
631__2,631,2,kaskus,2022-05-04 13:30:53,":ngakak Gas sm induksi itu paralel aja, ga usah jadi kata wajib kalo blm mampu zero padam deh."
139__1,139,1,reddit,2023,Udah bagus nggak bangun PLTU mulu.
721__3,721,3,kaskus,2021-11-17 09:15:56,Penambahan hutan ???
2367__4,2367,4,kaskus,2017-03-09 14:20:55,Listrik dipegang swasta.
512__2,512,2,kaskus,2013-04-01 09:46:06,"kalau di TOTAL POTENSInya mang gede,"
411__1,411,1,reddit,2023,"Ini krn mereka mesti impor fuel bwt electricity dari ukraine, sama kaya beberapa negara eropa lainnya waktu itu"
426__6,426,6,kaskus,2017-08-29 01:23:11,"Cobak agan simak video yg disebar, sebenarnya tak sesuai dg yg di lapangan."
1850__0,1850,0,kaskus,2012-10-16 00:06:08,kalau udah diteliti lebih lanjut dan ngga berbahaya kenapa ngga gan.
925__1,925,1,kaskus,2017-12-23 15:22:08,Tapi masalahnya apakah masyarakat percaya pemerintah dg pln sbg bumn bisa membuat mengelolanya
2238__10,2238,10,kaskus,2017-03-10 07:56:26,"Ini masalahnya bukan di kepemilikan badan usahanya, tapi di pelakunya dan kriteria penilaiannya."
2238__18,2238,18,kaskus,2017-03-10 07:56:26,"Ini oke kalau bisnisnya adalah garmen atau motor, tapi listrik bisa dilihat sebagai layanan masyarakat."
2317__0,2317,0,kaskus,2017-03-09 20:29:06,Analisis yang sangat keren
2440__8,2440,8,kaskus,2016-10-15 18:13:04,jgn cuma dilihat dari satu sumber.
1807__3,1807,3,kaskus,2012-10-16 11:17:59,"nenggelamin rumah sawah, bikin bendungan besar, infrastruktur yang sama besarnya, dikira gak mahal?"
