comment_id,seg_id,source,date,unsup_filtered,cluster_unsup,terms_ranked,cos_ranked,top_aspect_terms_unsup,top_aspect_cos_unsup,aspect_terms_unsup,fallback_mode,n_intersection,cand_count,pos_removed_terms,pos_removed_upos,seg_text,seg_key
1026,1,kaskus,2015-12-30 11:51:21,tgg harga minya dollar meledak pajak kendaraan dinaikkan dijamin protes,0,"['pajak', 'harga']","[0.29852086305618286, 0.1611030101776123]","['pajak', 'harga']","[0.29852086305618286, 0.1611030101776123]","['pajak', 'harga']",cluster_intersection,2,2,[],[],tgg harga minya naik jd 200 dollar baru meledak lagi :D Pajak Kendaraan aje dinaikin :o dijamin kgk ada yg protes,1026__1
566,0,kaskus,2016-03-09 15:04:43,basic electrical engineering masuk fase project fase operation maintenance,0,"['maintenance', 'masuk']","[0.3110181987285614, -0.021216750144958496]","['maintenance', 'masuk']","[0.3110181987285614, -0.021216750144958496]",['maintenance'],cluster_intersection,2,2,['masuk'],['VERB'],"Klo basic electrical engineering bisa masuk ke fase project atau pada saat fase Operation maintenance,",566__0
645,0,kaskus,2024-01-19 10:28:27,penyumbang emisi co2 terbesar sektor industri kendaraan,0,"['industri', 'sektor', 'terbesar', 'emisi']","[0.35405200719833374, 0.29058849811553955, 0.2549208700656891, 0.09003090858459473]","['industri', 'sektor', 'terbesar', 'emisi']","[0.35405200719833374, 0.29058849811553955, 0.2549208700656891, 0.09003090858459473]","['industri', 'sektor', 'emisi']",cluster_intersection,4,4,['terbesar'],['ADJ'],penyumbang emisi co2 terbesar itu 70-80% dari sektor industri bukan kendaraan.,645__0
1183,0,kaskus,2015-03-20 16:04:16,ngemis pemerintah proyek pltn muria dihidupin ahli pltn muria berbahaya alasan padat penduduk,0,"['berbahaya', 'proyek', 'pemerintah', 'penduduk', 'alasan', 'pltn', 'ahli']","[0.33788803219795227, 0.3039988875389099, 0.2763645648956299, 0.18374043703079224, 0.1710350066423416, 0.058084383606910706, 0.022664377465844154]","['berbahaya', 'proyek', 'pemerintah', 'penduduk', 'alasan', 'pltn', 'ahli']","[0.33788803219795227, 0.3039988875389099, 0.2763645648956299, 0.18374043703079224, 0.1710350066423416, 0.058084383606910706, 0.022664377465844154]","['proyek', 'pemerintah', 'penduduk', 'alasan', 'pltn', 'ahli']",cluster_intersection,7,7,['berbahaya'],['VERB'],"ane rasanya pengen ngemis2 ke pemerintah proyek PLTN Muria dihidupin lagi sebenernya para ahli udah oke PLTN muria nggak berbahaya, alasan padat penduduk ane rasa gak juga",1183__0
1548,0,kaskus,2012-12-22 00:10:27,penduduk jepang malas pakai nuklir url,0,"['nuklir', 'jepang', 'penduduk', 'url', 'pakai']","[0.45801842212677, 0.38572588562965393, 0.17138385772705078, 0.1350841075181961, 0.04644928127527237]","['nuklir', 'jepang', 'penduduk', 'url', 'pakai']","[0.45801842212677, 0.38572588562965393, 0.17138385772705078, 0.1350841075181961, 0.04644928127527237]","['nuklir', 'jepang', 'penduduk', 'url']",cluster_intersection,5,5,['pakai'],['VERB'],lha penduduk jepang aja udah pada ogah pake nuklir di sini malah pengen :D url <URL>,1548__0
1503,4,kaskus,2013-07-30 14:49:24,solusi ang bangun pltn bebas byar pret,1,"['solusi', 'bangun', 'pltn']","[0.49646008014678955, 0.18711410462856293, 0.12792544066905975]","['solusi', 'bangun', 'pltn']","[0.49646008014678955, 0.18711410462856293, 0.12792544066905975]","['solusi', 'pltn']",cluster_intersection,3,3,['bangun'],['VERB'],"solusi mereka apa?ang bangun PLTN, sekarang mereka bebas dari byar pret.......",1503__4
9,11,reddit,2022,dibahas ebt fanatikan netizen tenaga nuklir,0,"['nuklir', 'tenaga', 'ebt']","[0.5477808713912964, 0.3581686317920685, 0.15007483959197998]","['nuklir', 'tenaga', 'ebt']","[0.5477808713912964, 0.3581686317920685, 0.15007483959197998]","['nuklir', 'tenaga', 'ebt']",cluster_intersection,3,3,[],[],"Sebenernya masih banyak yang bisa dibahas sih soal EBT, terutama soal ke- fanatikan netizen sama tenaga nuklir",9__11
2271,1,kaskus,2017-03-09 22:59:18,pakai pltn sukses indonesia pengusaha pengusaha tmbang batubara loyo penjualan,0,"['indonesia', 'batubara', 'pltn', 'pakai']","[0.29879099130630493, 0.2539006769657135, 0.024564675986766815, -0.004791293293237686]","['indonesia', 'batubara', 'pltn', 'pakai']","[0.29879099130630493, 0.2539006769657135, 0.024564675986766815, -0.004791293293237686]","['indonesia', 'batubara', 'pltn']",cluster_intersection,4,4,['pakai'],['VERB'],"kalo pake pltn dan sukses di indo, taipan taipan tmbang batubara bakal loyo penjualan nya..",2271__1
2016,0,kaskus,2017-08-20 18:22:10,energi pasang surut dilupakan,1,"['energi', 'pasang']","[0.723860502243042, 0.18396241962909698]","['energi', 'pasang']","[0.723860502243042, 0.18396241962909698]","['energi', 'pasang']",cluster_intersection,2,2,[],[],"Energi pasang surut bray, sering dilupakan neh.",2016__0
1870,1,kaskus,2012-10-15 13:53:25,manage sdm indonesia,1,"['indonesia', 'sdm']","[0.6827685236930847, 0.4316023290157318]","['indonesia', 'sdm']","[0.6827685236930847, 0.4316023290157318]","['indonesia', 'sdm']",cluster_intersection,2,2,[],[],Tapi kalo yang manage SDM dari Indo.,1870__1
2185,0,kaskus,2017-03-10 11:48:41,padahan badan concern nuklir indonesia,0,"['nuklir', 'indonesia']","[0.524993896484375, 0.45934492349624634]","['nuklir', 'indonesia']","[0.524993896484375, 0.45934492349624634]","['nuklir', 'indonesia']",cluster_intersection,2,2,[],[],Padahan sudah ada badan yg concern ke nuklir loh di indonesia.,2185__0
2036,2,kaskus,2017-07-18 20:46:13,dipraktekkan ekonomis indonesia,0,['indonesia'],[0.6102761030197144],['indonesia'],[0.6102761030197144],['indonesia'],cluster_intersection,1,1,[],[],apakah bisa dipraktekkan secara ekonomis gak di indonesia?,2036__2
2079,2,kaskus,2017-03-24 00:05:33,si receiver begerak turun mengikuti gelombang menggerakan piston energi dikonversi,0,['energi'],[0.3485586643218994],['energi'],[0.3485586643218994],['energi'],cluster_intersection,1,1,[],[],"jadi si receiver ini begerak naik turun ngikutin gelombang yg kemudian gerakin semacam piston gitu gan, nah energi ini nantinya dikonversi",2079__2
1699,5,kaskus,2012-10-19 13:14:09,jepang gempa bumi indonesia bberapa pltn negaranya luasnya indonesia,0,"['indonesia', 'gempa', 'jepang', 'bumi', 'pltn']","[0.4087987542152405, 0.33811044692993164, 0.2655242681503296, 0.17895711958408356, 0.008819717913866043]","['indonesia', 'gempa', 'jepang', 'bumi', 'pltn']","[0.4087987542152405, 0.33811044692993164, 0.2655242681503296, 0.17895711958408356, 0.008819717913866043]","['indonesia', 'gempa', 'jepang', 'bumi', 'pltn']",cluster_intersection,5,5,[],[],Di Jepang yg sering gempa bumi bahkan lebih sering dari Indonesia aja punya bberapa PLTN padahal negaranya lebih kecil luasnya dari Indonesia.,1699__5
574,7,kaskus,2016-01-26 21:24:20,kasih sabar,1,['kasih'],[0.7742404937744141],['kasih'],[0.7742404937744141],['kasih'],cluster_intersection,1,1,[],[],Terimakasih lho sudah sabar menjawab.,574__7
935,1,kaskus,2017-09-25 22:48:13,insyaallah indonesia harapan plan rencana global ditahun negara barat mem ban mesin kendaraan bensin diesel,0,"['rencana', 'indonesia', 'negara']","[0.23715756833553314, 0.20869065821170807, 0.08761487901210785]","['rencana', 'indonesia', 'negara']","[0.23715756833553314, 0.20869065821170807, 0.08761487901210785]","['rencana', 'indonesia', 'negara']",cluster_intersection,3,3,[],[],"seperti ini, insyaAllah untuk indonesia masih ada harapan untuk kedepannya, satu plan juga dengan rencana global, yaitu ditahun 2040 di negara2 barat sudah akan mem-ban mesin2 kendaraan bensin dan diesel",935__1
310,1,reddit,2023,bagusnya subsidi penjualan pembelian panel surya baterainya insentif perumahan hibrid tenaga listrik panel surya,0,"['surya', 'panel', 'subsidi', 'tenaga', 'listrik']","[0.32745668292045593, 0.2798020839691162, 0.2089756727218628, 0.17938807606697083, 0.17815780639648438]","['surya', 'panel', 'subsidi', 'tenaga', 'listrik']","[0.32745668292045593, 0.2798020839691162, 0.2089756727218628, 0.17938807606697083, 0.17815780639648438]","['surya', 'panel', 'subsidi', 'tenaga', 'listrik']",cluster_intersection,5,5,[],[],Mungkin bagusnya subsidi untuk penjualan/pembelian panel surya dan baterainya agar ada insentif bagi perumahan bisa hibrid tenaga listrik dan panel surya.,310__1
1188,1,kaskus,2015-03-20 15:01:18,guru bangga bendungan jati luhur peninggalan belanda dijadikan plta pltn sltp pelajaran fisika atom,0,"['pltn', 'plta']","[0.045057620853185654, 0.007468029856681824]","['pltn', 'plta']","[0.045057620853185654, 0.007468029856681824]","['pltn', 'plta']",cluster_intersection,2,2,[],[],Pada saat itu guru saya justru bangga dengan bendungan besar Jati Luhur peninggalan Belanda yg dijadikan PLTA :D saya justru tahu tentang PLTN itu pas SLTP pelajaran fisika tentang atom.,1188__1
789,0,kaskus,2018-08-02 09:41:41,bukanya berprasangka buruk tumben,1,['buruk'],[0.574009895324707],['buruk'],[0.574009895324707],[],cluster_intersection,1,1,['buruk'],['ADJ'],":lehuga Bukanya berprasangka buruk, tapi tumben aja.",789__0
1928,7,kaskus,2012-10-12 22:20:06,bisa2nya pemerintah nurunin subsidi bbm bilang sumber minyak habis,0,"['minyak', 'subsidi', 'pemerintah', 'sumber', 'bilang', 'bbm', 'habis']","[0.45384615659713745, 0.35458844900131226, 0.3174341022968292, 0.1800568699836731, 0.16192984580993652, 0.14014071226119995, 0.08828579634428024]","['minyak', 'subsidi', 'pemerintah', 'sumber', 'bilang', 'bbm', 'habis']","[0.45384615659713745, 0.35458844900131226, 0.3174341022968292, 0.1800568699836731, 0.16192984580993652, 0.14014071226119995, 0.08828579634428024]","['minyak', 'subsidi', 'pemerintah', 'sumber', 'bbm']",cluster_intersection,7,7,"['bilang', 'habis']","['VERB', 'ADJ']","BISA2NYA PEMERINTAH AJA YANG GA MAU NURUNIN SUBSIDI BBM,, MEREKA BILANG : SUMBER MINYAK KITA HABIS???",1928__7
1950,2,kaskus,2012-10-12 21:31:06,negara sekelas jepang mengakui pltn teknologi terkini sanggup kebutuhan energi praktis efisien efektif,0,"['efisien', 'teknologi', 'energi', 'jepang', 'kebutuhan', 'negara', 'pltn']","[0.4088002145290375, 0.30226343870162964, 0.28212395310401917, 0.25153541564941406, 0.17709675431251526, 0.1331307291984558, -0.002901919186115265]","['efisien', 'teknologi', 'energi', 'jepang', 'kebutuhan', 'negara', 'pltn']","[0.4088002145290375, 0.30226343870162964, 0.28212395310401917, 0.25153541564941406, 0.17709675431251526, 0.1331307291984558, -0.002901919186115265]","['teknologi', 'energi', 'jepang', 'kebutuhan', 'negara', 'pltn']",cluster_intersection,7,7,['efisien'],['ADJ'],"artinya negara sekelas Jepang saja mengakui kalo PLTN adalah teknologi terkini yang sanggup menjawab kebutuhan akan energi secara praktis, efisien, dan efektif",1950__2
2106,1,kaskus,2017-03-14 10:25:55,saingan isp,1,"['saingan', 'isp']","[0.9088982343673706, 0.6979096531867981]","['saingan', 'isp']","[0.9088982343673706, 0.6979096531867981]","['saingan', 'isp']",sentence_tokens,0,2,[],[],Yang harus dilihat apa yang akan terjadi kalo gak ada saingan dari ISP lain ...,2106__1
2222,0,kaskus,2017-03-10 09:10:05,masyarakat awam dengar nuklir ingatnya bom hirosima nagasaki,0,"['nuklir', 'masyarakat']","[0.47974130511283875, 0.22333571314811707]","['nuklir', 'masyarakat']","[0.47974130511283875, 0.22333571314811707]","['nuklir', 'masyarakat']",cluster_intersection,2,2,[],[],Ane sebagai masyarakat awam kalo denger nuklir itu ingatnya bom hirosima dan nagasaki tuh gan.,2222__0
2204,3,kaskus,2017-03-10 10:15:18,ahli praktisi listrik tenaga matahari,0,"['matahari', 'listrik', 'tenaga', 'ahli']","[0.5177121162414551, 0.4869927763938904, 0.4705284833908081, 0.25686007738113403]","['matahari', 'listrik', 'tenaga', 'ahli']","[0.5177121162414551, 0.4869927763938904, 0.4705284833908081, 0.25686007738113403]","['matahari', 'listrik', 'tenaga', 'ahli']",cluster_intersection,4,4,[],[],saya sendiri ahli dan praktisi di listrik tenaga matahari.,2204__3
2105,3,kaskus,2017-03-14 22:57:18,pemain menikmati status near monopoli california mati listrik heatwave trmsk states ganti provider kisah nyata buktinya diliat,0,"['monopoli', 'listrik', 'mati']","[0.22501496970653534, 0.1471707820892334, 0.0726407989859581]","['monopoli', 'listrik', 'mati']","[0.22501496970653534, 0.1471707820892334, 0.0726407989859581]","['monopoli', 'listrik']",cluster_intersection,3,3,['mati'],['ADJ'],"dtg dan pemain lama menikmati status near monopoli california kan blackout gara2 heatwave, dan dia ga trmsk states yg bisa ganti provider ini kisah nyata dan buktinya bisa diliat sendiri,",2105__3
2166,0,kaskus,2017-03-10 17:40:24,stupidest thing heard today,1,"['stupidest', 'today', 'heard', 'thing']","[0.5582812428474426, 0.47501498460769653, 0.4257248044013977, 0.24907276034355164]","['stupidest', 'today', 'heard', 'thing']","[0.5582812428474426, 0.47501498460769653, 0.4257248044013977, 0.24907276034355164]","['stupidest', 'today', 'heard', 'thing']",sentence_tokens,0,4,[],[],That s the stupidest thing I ve heard today.,2166__0
1671,11,kaskus,2012-10-24 11:50:22,b matahari angin arus laut panas_bumi biomassa mikrohidro dimanfaatkan pembangkit listrik,0,"['matahari', 'panas_bumi', 'listrik', 'angin', 'laut', 'pembangkit']","[0.266994833946228, 0.23863443732261658, 0.19968359172344208, 0.11672183871269226, 0.11606821417808533, 0.11026346683502197]","['matahari', 'panas_bumi', 'listrik', 'angin', 'laut', 'pembangkit']","[0.266994833946228, 0.23863443732261658, 0.19968359172344208, 0.11672183871269226, 0.11606821417808533, 0.11026346683502197]","['matahari', 'panas_bumi', 'listrik', 'angin', 'laut', 'pembangkit']",cluster_intersection,6,6,[],[],"B Kita masih punya matahari, angin, arus laut, panas bumi, biomassa, mikrohidro, dan sebagainya, yang bisa (dimanfaatkan) untuk pembangkit listrik.",1671__11
1844,0,kaskus,2012-10-16 00:39:37,setuju letaknya kota,1,"['kota', 'setuju']","[0.6417840719223022, 0.5173901319503784]","['kota', 'setuju']","[0.6417840719223022, 0.5173901319503784]",['kota'],cluster_intersection,2,2,['setuju'],['VERB'],setuju tapi letaknya yg jauh dari kota ane,1844__0
199,1,reddit,2022,ditolak indonesia peraturan pltn mobile,0,"['indonesia', 'pltn']","[0.4017444849014282, 0.07816334813833237]","['indonesia', 'pltn']","[0.4017444849014282, 0.07816334813833237]","['indonesia', 'pltn']",cluster_intersection,2,2,[],[],Tapi waktu itu ditolak soalnya di indonesia belum ada peraturan tentang PLTN yang mobile.,199__1
1831,5,kaskus,2012-10-16 07:26:56,alam senang mengambilnya,1,"['senang', 'mengambilnya', 'alam']","[0.6503576636314392, 0.577934741973877, 0.41241204738616943]","['senang', 'mengambilnya', 'alam']","[0.6503576636314392, 0.577934741973877, 0.41241204738616943]",['alam'],sentence_tokens,0,3,"['senang', 'mengambilnya']","['ADJ', 'NA']",alam dengan senang mengambilnya...,1831__5
1759,4,kaskus,2012-10-16 16:59:14,jepang pltn berencana membangun rektor bilang pakai pltn,0,"['jepang', 'membangun', 'bilang', 'pltn', 'pakai']","[0.3371647000312805, 0.19533711671829224, 0.12230847030878067, 0.033033281564712524, 0.008650451898574829]","['jepang', 'membangun', 'bilang', 'pltn', 'pakai']","[0.3371647000312805, 0.19533711671829224, 0.12230847030878067, 0.033033281564712524, 0.008650451898574829]","['jepang', 'pltn']",cluster_intersection,5,5,"['membangun', 'bilang', 'pakai']","['VERB', 'VERB', 'VERB']","Jepang masih menggunakan PLTN bahkan berencana membangun beberapa rektor baru, darimana lo bilang gak mau lagi pake PLTN?",1759__4
862,0,kaskus,2016-02-28 09:24:00,dikasi subsidi,1,"['subsidi', 'dikasi']","[0.9343987107276917, 0.4479910433292389]","['subsidi', 'dikasi']","[0.9343987107276917, 0.4479910433292389]","['subsidi', 'dikasi']",sentence_tokens,0,2,[],[],dulu dikasi subsidi .,862__0
833,3,kaskus,2014-04-21 11:35:31,aitis dihadiri menteri koordinator bidang perekonomian hatta rajasa menteri negeri gamawan fauzi menteri pertanian suswono wakil menteri esdm susilo siswoutomo kepala bkpm mahendra siregar ketua,0,['negeri'],[0.01901029609143734],['negeri'],[0.01901029609143734],['negeri'],cluster_intersection,1,1,[],[],"AITIS 2014 yang dihadiri oleh Menteri Koordinator Bidang Perekonomian Hatta Rajasa, Menteri Dalam Negeri Gamawan Fauzi, Menteri Pertanian Suswono, Wakil Menteri ESDM Susilo Siswoutomo, Kepala BKPM Mahendra Siregar, Ketua Umum",833__3
1716,2,kaskus,2012-10-18 03:23:02,terang lihat masuk ketahui reaktor nuklir tujuan komersial jenis pressurized water reactor,0,"['reaktor', 'nuklir', 'lihat', 'masuk']","[0.4193979501724243, 0.28892356157302856, 0.1266539990901947, -0.0047817472368478775]","['reaktor', 'nuklir', 'lihat', 'masuk']","[0.4193979501724243, 0.28892356157302856, 0.1266539990901947, -0.0047817472368478775]","['reaktor', 'nuklir']",cluster_intersection,4,4,"['lihat', 'masuk']","['VERB', 'VERB']",Terus terang ane lihat bagian yang ini agak nggak masuk..hmm Seperti yang kita ketahui sekarang rata-rata reaktor nuklir untuk tujuan komersial itu adalah dari jenis pressurized water reactor yang tidak,1716__2
2413,1,kaskus,2016-11-20 01:40:36,menghitung aspek lingkungan menghancurkan ekosistem disekitar pembangkit,0,"['lingkungan', 'pembangkit']","[0.38576218485832214, 0.1846168339252472]","['lingkungan', 'pembangkit']","[0.38576218485832214, 0.1846168339252472]","['lingkungan', 'pembangkit']",cluster_intersection,2,2,[],[],ini belum menghitung aspek lingkungan yang akan menghancurkan ekosistem disekitar pembangkit.,2413__1
2219,1,kaskus,2017-03-10 09:14:18,radiasi nuklir rusak bocor halus dijamin,0,"['nuklir', 'radiasi', 'bocor']","[0.6444657444953918, 0.5739085674285889, 0.11177274584770203]","['nuklir', 'radiasi', 'bocor']","[0.6444657444953918, 0.5739085674285889, 0.11177274584770203]","['nuklir', 'radiasi']",cluster_intersection,3,3,['bocor'],['ADJ'],"tidak membuat masalah ke sekitarnya dalam hal radiasi, kalo nuklir, rusak dikit dan bocor halus aja nanti dijamin",2219__1
2113,0,kaskus,2017-03-13 11:43:49,nika niki koyok kumat,1,"['kumat', 'koyok', 'niki', 'nika']","[0.5790407657623291, 0.5190796852111816, 0.49006882309913635, 0.4093605577945709]","['kumat', 'koyok', 'niki', 'nika']","[0.5790407657623291, 0.5190796852111816, 0.49006882309913635, 0.4093605577945709]","['kumat', 'koyok', 'niki', 'nika']",sentence_tokens,0,4,[],[],nika niki koyok wong kumat ...,2113__0
133,1,reddit,2023,basenya bergelombang atap spandex,1,"['atap', 'spandex', 'bergelombang', 'basenya']","[0.5568562746047974, 0.30044394731521606, 0.26672372221946716, 0.23676401376724243]","['atap', 'spandex', 'bergelombang', 'basenya']","[0.5568562746047974, 0.30044394731521606, 0.26672372221946716, 0.23676401376724243]","['atap', 'spandex']",sentence_tokens,0,4,"['bergelombang', 'basenya']","['VERB', 'NA']",Atau basenya dibuat bergelombang sekalian (seperti atap spandex),133__1
1940,0,kaskus,2012-10-12 21:49:20,bangunnya blkng rumahlu,1,"['rumahlu', 'bangunnya', 'blkng']","[0.6405969858169556, 0.5701388120651245, 0.3592718839645386]","['rumahlu', 'bangunnya', 'blkng']","[0.6405969858169556, 0.5701388120651245, 0.3592718839645386]","['rumahlu', 'blkng']",sentence_tokens,0,3,['bangunnya'],['NA'],ok bangunnya blkng rumahlu gan :o :D,1940__0
2100,0,kaskus,2017-03-15 13:26:00,ireng seng ndi ireng seng film bok dadine conto kui filme lelucon bule duduk perasaan nigra asline pelem bule yo mbok telan bulet,0,"['film', 'filme', 'ireng', 'nigra', 'lelucon', 'seng', 'duduk', 'bok', 'kui', 'dadine', 'perasaan', 'telan', 'bule', 'asline', 'yo', 'pelem', 'bulet', 'mbok', 'conto', 'ndi']","[0.2783091068267822, 0.260396808385849, 0.20919319987297058, 0.190108984708786, 0.17825005948543549, 0.17056456208229065, 0.13123038411140442, 0.11298287659883499, 0.10109038650989532, 0.09961436688899994, 0.09470215439796448, 0.09102489799261093, 0.08444910496473312, 0.08375731110572815, 0.08037728816270828, 0.07926926761865616, 0.06768853217363358, 0.06442559510469437, 0.05278387293219566, 0.0423431470990181]","['film', 'filme', 'ireng', 'nigra', 'lelucon', 'seng', 'duduk', 'bok', 'kui', 'dadine']","[0.2783091068267822, 0.260396808385849, 0.20919319987297058, 0.190108984708786, 0.17825005948543549, 0.17056456208229065, 0.13123038411140442, 0.11298287659883499, 0.10109038650989532, 0.09961436688899994]","['film', 'filme', 'ireng', 'nigra', 'lelucon', 'seng', 'bok', 'kui', 'dadine']",sentence_tokens,0,20,['duduk'],['VERB'],"cuk wong ireng seng ndi cuk, wong ireng seng di film bok dadine conto, kui filme lelucon bule cuk, duduk perasaan nigra asline cuk, pelem bule yo mbok telan bulet2",2100__0
557,7,kaskus,2017-02-27 13:08:14,bagusnya si ambil s2 new zealand nz terkenal deretan pembangkit panas buminya,0,"['panas', 'pembangkit']","[0.24961179494857788, 0.10490027070045471]","['panas', 'pembangkit']","[0.24961179494857788, 0.10490027070045471]",['pembangkit'],cluster_intersection,2,2,['panas'],['ADJ'],Kalo bagusnya si ambil S2 di New Zealand (NZ) yang terkenal dengan deretan pembangkit Panas buminya.,557__7
2249,0,kaskus,2017-03-10 07:09:24,pelajari energi fosil digantikan,0,"['fosil', 'energi']","[0.512901782989502, 0.46814215183258057]","['fosil', 'energi']","[0.512901782989502, 0.46814215183258057]","['fosil', 'energi']",cluster_intersection,2,2,[],[],"kalau yang ane pelajari, memang gak 100% energi fosil bisa digantikan.",2249__0
2259,7,kaskus,2017-03-10 00:25:17,ekspektasi biaya investor modal,0,['biaya'],[0.290700227022171],['biaya'],[0.290700227022171],['biaya'],cluster_intersection,1,1,[],[],"ekspektasi, nah dengan biaya yg begitu banyak ada apa engga investor yg mau ngasih modal?",2259__7
833,5,kaskus,2014-04-21 11:35:31,aitis diikuti kabupaten provinsi pemerintah kota kementerian bumn swasta,0,"['swasta', 'pemerintah', 'kota']","[0.41676294803619385, 0.38162991404533386, 0.313578724861145]","['swasta', 'pemerintah', 'kota']","[0.41676294803619385, 0.38162991404533386, 0.313578724861145]","['pemerintah', 'kota']",cluster_intersection,3,3,['swasta'],['ADJ'],"AITIS 2014 diikuti 176 Kabupaten, 10 Provinsi, 25 Pemerintah Kota, 15 Kementerian, 30 BUMN serta pihak swasta.",833__5
1783,2,kaskus,2012-10-16 13:52:11,angin ombak memanfaatkan butuh riset biaya mahal,0,"['biaya', 'angin', 'riset', 'butuh', 'mahal', 'ombak']","[0.30694085359573364, 0.1787443310022354, 0.14503902196884155, 0.08571086078882217, 0.06868690252304077, 0.059449099004268646]","['biaya', 'angin', 'riset', 'butuh', 'mahal', 'ombak']","[0.30694085359573364, 0.1787443310022354, 0.14503902196884155, 0.08571086078882217, 0.06868690252304077, 0.059449099004268646]","['biaya', 'angin', 'riset', 'ombak']",cluster_intersection,6,6,"['butuh', 'mahal']","['VERB', 'ADJ']","kalo menurut ane sih mending tuh angin ama ombak di manfaatin dulu, emang butuh riset sih, dan biaya pasti lebih mahal.",1783__2
2051,4,kaskus,2017-05-03 00:38:41,rural area nuklir menarik kabel cost,0,"['nuklir', 'kabel', 'cost']","[0.3991287350654602, 0.33260470628738403, 0.24309878051280975]","['nuklir', 'kabel', 'cost']","[0.3991287350654602, 0.33260470628738403, 0.24309878051280975]","['nuklir', 'kabel', 'cost']",cluster_intersection,3,3,[],[],"rural area, mau nuclear atau tidak tetep aja narik kabel jauh itu cost juga ..",2051__4
1671,1,kaskus,2012-10-24 11:50:22,spoiler bacaan pltn ramah_lingkungan berisiko menangani lumpur sidoarjo mengelola reaktor nuklir,0,"['nuklir', 'reaktor', 'ramah_lingkungan', 'pltn']","[0.42904841899871826, 0.3448125123977661, 0.22143761813640594, 0.0043591707944869995]","['nuklir', 'reaktor', 'ramah_lingkungan', 'pltn']","[0.42904841899871826, 0.3448125123977661, 0.22143761813640594, 0.0043591707944869995]","['nuklir', 'reaktor', 'ramah_lingkungan', 'pltn']",cluster_intersection,4,4,[],[],"SPOILER bacaan PLTN Ramah Lingkungan tapi Berisiko Menangani lumpur Sidoarjo saja tak bisa, bagaimana mengelola reaktor nuklir?",1671__1
1752,1,kaskus,2012-10-16 18:43:51,ejek susah berkembang dukung pengajar pengawasan ketat standart international bagus tenaga ahli,0,"['ahli', 'bagus', 'susah', 'berkembang', 'tenaga']","[0.11498342454433441, 0.10397053509950638, 0.05980557203292847, 0.04487764090299606, -0.05887255445122719]","['ahli', 'bagus', 'susah', 'berkembang', 'tenaga']","[0.11498342454433441, 0.10397053509950638, 0.05980557203292847, 0.04487764090299606, -0.05887255445122719]","['ahli', 'tenaga']",cluster_intersection,5,5,"['bagus', 'susah', 'berkembang']","['ADJ', 'ADJ', 'VERB']","kita aja di ejek sama orang kita sendiri, susah berkembang lah mereka jadinya, kl di dukung sama pengajar dan pengawasan yg ketat dan standart international yg bagus pasti tenaga ahli",1752__1
1811,8,kaskus,2012-10-16 11:08:26,eropa mengeluhkan tingginya cost maintenance pltn alternatif hidro elektrik turbine gas murah berdaya minim resiko maintenance easy,0,"['alternatif', 'gas', 'maintenance', 'cost', 'resiko', 'murah', 'eropa', 'pltn']","[0.23441387712955475, 0.1798551082611084, 0.17644792795181274, 0.13915537297725677, 0.10685542225837708, 0.09644611924886703, 0.001483643427491188, -0.0133800208568573]","['alternatif', 'gas', 'maintenance', 'cost', 'resiko', 'murah', 'eropa', 'pltn']","[0.23441387712955475, 0.1798551082611084, 0.17644792795181274, 0.13915537297725677, 0.10685542225837708, 0.09644611924886703, 0.001483643427491188, -0.0133800208568573]","['gas', 'maintenance', 'cost', 'resiko', 'eropa', 'pltn']",cluster_intersection,8,8,"['alternatif', 'murah']","['ADJ', 'ADJ']","di eropa saja sudah mengeluhkan tingginya cost untuk maintenance pltn mereka :cd alternatif hidro elektrik dan turbine gas lebih murah dan berdaya besar dengan minim resiko dan maintenance , easy",1811__8
1076,1,kaskus,2016-01-24 00:49:35,yogyakarta 1x merasakan mati lampu,1,"['lampu', 'mati']","[0.45563310384750366, 0.20129287242889404]","['lampu', 'mati']","[0.45563310384750366, 0.20129287242889404]",['lampu'],cluster_intersection,2,2,['mati'],['ADJ'],"4 tahun di jogja, cuma 1x ane ngerasain mati lampu.",1076__1
426,11,kaskus,2017-08-29 01:23:11,campuran dijadikan pelet kayu sosis kayu,0,"['kayu', 'campuran', 'pelet', 'dijadikan', 'sosis']","[0.521007776260376, 0.27002283930778503, 0.15707114338874817, 0.0835084542632103, 0.0016477592289447784]","['kayu', 'campuran', 'pelet', 'dijadikan', 'sosis']","[0.521007776260376, 0.27002283930778503, 0.15707114338874817, 0.0835084542632103, 0.0016477592289447784]","['kayu', 'campuran', 'pelet', 'sosis']",sentence_tokens,0,5,['dijadikan'],['VERB'],"tp gegara kenak kasus (mungkin kriminalisasi), akhirnya ke stop sejak awal 2016 kagak ada kabarnya.",426__11
1202,0,kaskus,2015-03-20 10:21:43,tenang pendidikan porsinya terbilang,1,"['pendidikan', 'tenang', 'terbilang', 'porsinya']","[0.6322312951087952, 0.26111406087875366, 0.19290542602539062, 0.1642063558101654]","['pendidikan', 'tenang', 'terbilang', 'porsinya']","[0.6322312951087952, 0.26111406087875366, 0.19290542602539062, 0.1642063558101654]",['pendidikan'],sentence_tokens,0,4,"['tenang', 'terbilang', 'porsinya']","['ADJ', 'VERB', 'NA']",tenang aja gan untuk pendidikan udah ada porsinya yang udah terbilang besar.,1202__0
2492,3,kaskus,2016-10-15 07:57:03,iphone mahal beli,1,"['beli', 'mahal']","[0.2973633408546448, 0.27899742126464844]","['beli', 'mahal']","[0.2973633408546448, 0.27899742126464844]",[],cluster_intersection,2,2,"['beli', 'mahal']","['VERB', 'ADJ']",tuh iphone biar kata mahal banyak aja yg beli.,2492__3
1716,4,kaskus,2012-10-18 03:23:02,reaktor komersial,1,"['reaktor', 'komersial']","[0.7736600041389465, 0.5991276502609253]","['reaktor', 'komersial']","[0.7736600041389465, 0.5991276502609253]",['reaktor'],sentence_tokens,0,2,['komersial'],['ADJ'],Kenapa kok reaktor komersial semacam itu tidak bisa digunakan ?,1716__4
1671,27,kaskus,2012-10-24 11:50:22,url,1,['url'],[1.0],['url'],[1.0],['url'],cluster_intersection,1,1,[],[],url <URL>,1671__27
2044,6,kaskus,2017-06-24 02:46:55,nekat pengalaman langsung tancap gas masuk tol,0,"['gas', 'masuk', 'langsung']","[0.528127908706665, 0.0649239718914032, 0.05817126855254173]","['gas', 'masuk', 'langsung']","[0.528127908706665, 0.0649239718914032, 0.05817126855254173]",['gas'],cluster_intersection,3,3,"['masuk', 'langsung']","['VERB', 'ADJ']",Bukan berarti terus lu nekat gak punya pengalaman langsung tancap gas masuk tol.,2044__6
2403,1,kaskus,2017-02-12 21:31:20,biaya,1,['biaya'],[1.0],['biaya'],[1.0],['biaya'],cluster_intersection,1,1,[],[],biaya :nohope:,2403__1
2,4,reddit,2022,baiknya leverage kondisi kurangi ketergantungan fossil fuel,0,"['fuel', 'kondisi']","[0.4544396996498108, 0.24365487694740295]","['fuel', 'kondisi']","[0.4544396996498108, 0.24365487694740295]","['fuel', 'kondisi']",cluster_intersection,2,2,[],[],Baiknya leverage dan gunakan semua sesuai kondisi utk kurangi ketergantungan pada fossil fuel.,2__4
1759,3,kaskus,2012-10-16 16:59:14,tokh aman aman yogyakarta sebelah sebelahan rumah penduduk,0,"['rumah', 'aman', 'penduduk']","[0.31228113174438477, 0.202193483710289, 0.14254333078861237]","['rumah', 'aman', 'penduduk']","[0.31228113174438477, 0.202193483710289, 0.14254333078861237]","['rumah', 'penduduk']",cluster_intersection,3,3,['aman'],['ADJ'],Tokh aman-aman aja :D malah yg di jogja sebelah-sebelahan aja dgn rumah penduduk.,1759__3
898,0,kaskus,2021-12-19 08:02:08,indonesia ditinggal negara maju mengandalkan bahan_bakar fosil,0,"['fosil', 'indonesia', 'negara', 'bahan_bakar', 'maju']","[0.4424351751804352, 0.44161731004714966, 0.24010084569454193, 0.2190142273902893, 0.011602018028497696]","['fosil', 'indonesia', 'negara', 'bahan_bakar', 'maju']","[0.4424351751804352, 0.44161731004714966, 0.24010084569454193, 0.2190142273902893, 0.011602018028497696]","['fosil', 'indonesia', 'negara', 'bahan_bakar']",cluster_intersection,5,5,['maju'],['VERB'],Klo gini gw yakin Indonesia bakal ditinggal negara maju krn masih ngandelin bahan bakar fosil.,898__0
1472,25,kaskus,2013-08-31 06:40:55,pendatang jawa,1,['jawa'],[0.5854446291923523],['jawa'],[0.5854446291923523],['jawa'],cluster_intersection,1,1,[],[],Terus timahnya dijual (selundupin) murah keluar negri.,1472__25
864,1,kaskus,2016-02-28 09:20:04,meras rakyat,1,['rakyat'],[0.8884792923927307],['rakyat'],[0.8884792923927307],['rakyat'],cluster_intersection,1,1,[],[],Meras rakyat aja....,864__1
518,0,kaskus,2013-12-03 16:26:03,indonesia potensi panas buminya ajib,0,"['indonesia', 'potensi', 'panas']","[0.5023901462554932, 0.32366353273391724, 0.3019595742225647]","['indonesia', 'potensi', 'panas']","[0.5023901462554932, 0.32366353273391724, 0.3019595742225647]","['indonesia', 'potensi']",cluster_intersection,3,3,['panas'],['ADJ'],indonesia emang potensi panas buminya ajib dah,518__0
1029,8,kaskus,2015-12-28 09:18:03,tesla yet earn properly speaking single honest dollar,1,"['honest', 'dollar', 'earn', 'properly', 'speaking', 'single', 'yet', 'tesla']","[0.32190266251564026, 0.3056661784648895, 0.2725842595100403, 0.24097760021686554, 0.24020527303218842, 0.17969882488250732, 0.15090763568878174, 0.08717275410890579]","['honest', 'dollar', 'earn', 'properly', 'speaking', 'single', 'yet', 'tesla']","[0.32190266251564026, 0.3056661784648895, 0.2725842595100403, 0.24097760021686554, 0.24020527303218842, 0.17969882488250732, 0.15090763568878174, 0.08717275410890579]","['honest', 'dollar', 'earn', 'single', 'tesla']",sentence_tokens,0,8,"['properly', 'speaking', 'yet']","['X', 'X', 'X']",Tesla has yet to earn properly speaking a single honest dollar.,1029__8
2293,0,kaskus,2017-03-09 21:42:11,tingkat efisiensinya,1,"['efisiensinya', 'tingkat']","[0.9120264649391174, 0.399689257144928]","['efisiensinya', 'tingkat']","[0.9120264649391174, 0.399689257144928]",['tingkat'],sentence_tokens,0,2,['efisiensinya'],['NA'],Tingkat efisiensinya belum baik gan.,2293__0
391,4,reddit,2023,cek bill preserving choice vehicle purchasing act pass house,0,"['purchasing', 'choice', 'vehicle', 'bill', 'house', 'preserving', 'pass', 'act', 'cek']","[0.3111708164215088, 0.2944733500480652, 0.23952601850032806, 0.1936071217060089, 0.1918717324733734, 0.18043765425682068, 0.1326141357421875, 0.08904274553060532, 0.04074963182210922]","['purchasing', 'choice', 'vehicle', 'bill', 'house', 'preserving', 'pass', 'act', 'cek']","[0.3111708164215088, 0.2944733500480652, 0.23952601850032806, 0.1936071217060089, 0.1918717324733734, 0.18043765425682068, 0.1326141357421875, 0.08904274553060532, 0.04074963182210922]",[],sentence_tokens,0,9,"['purchasing', 'choice', 'vehicle', 'bill', 'house', 'preserving', 'pass', 'act', 'cek']","['X', 'X', 'X', 'X', 'X', 'X', 'X', 'X', 'X']",Cek bill S 2090 Preserving choice of vehicle purchasing act udah pass house.,391__4
640,9,kaskus,2022-07-09 19:43:26,urusan listrik skala industri,0,"['listrik', 'industri', 'skala']","[0.5414133071899414, 0.5295237898826599, 0.3382870852947235]","['listrik', 'industri', 'skala']","[0.5414133071899414, 0.5295237898826599, 0.3382870852947235]","['listrik', 'industri', 'skala']",cluster_intersection,3,3,[],[],"Ini untuk urusan listrik skala besar lho, macam industri",640__9
1961,0,kaskus,2012-10-12 20:35:39,teknologi fisi ditemukan jalan keluarnya teknologi fusi nuklir,0,"['teknologi', 'nuklir', 'jalan']","[0.45281708240509033, 0.44358885288238525, -0.004009846597909927]","['teknologi', 'nuklir', 'jalan']","[0.45281708240509033, 0.44358885288238525, -0.004009846597909927]","['teknologi', 'nuklir', 'jalan']",cluster_intersection,3,3,[],[],"Sampai teknologi Fisi ditemukan, jalan keluarnya yah teknologi fusi nuklir.",1961__0
2238,42,kaskus,2017-03-10 07:56:26,perhatikan pembedaan memegang jaringan_listrik memegang pembangkit listrik,0,"['listrik', 'pembangkit']","[0.39485830068588257, 0.07541348040103912]","['listrik', 'pembangkit']","[0.39485830068588257, 0.07541348040103912]","['listrik', 'pembangkit']",cluster_intersection,2,2,[],[],Cuma perhatikan pembedaan antara siapa yang memegang jaringan listrik dan siapa yang memegang pembangkit listrik.,2238__42
1790,11,kaskus,2012-10-16 12:58:15,doyan pltn,1,['pltn'],[0.7018588185310364],['pltn'],[0.7018588185310364],['pltn'],cluster_intersection,1,1,[],[],cuman jawa,1790__11
1423,0,kaskus,2013-12-03 12:45:14,geblek lsm tergantung bayarin pltn kepingin jericho topol bulava dongfeng coy,0,['pltn'],[0.17332008481025696],['pltn'],[0.17332008481025696],['pltn'],cluster_intersection,1,1,[],[],":ngakak emang geblek kok para LSM tergantung yang bayarin kalo kita jelas kaga karena buat PLTN....:kiss kepingin jericho, topol, bulava, dongfeng coy,,,,:ngakak",1423__0
1746,6,kaskus,2012-10-16 21:51:57,mengerti paham,1,"['mengerti', 'paham']","[0.9361917972564697, 0.9284087419509888]","['mengerti', 'paham']","[0.9361917972564697, 0.9284087419509888]",[],cluster_intersection,2,2,"['mengerti', 'paham']","['VERB', 'VERB']",Kami mengerti dan kami paham.,1746__6
1867,11,kaskus,2012-10-15 14:57:15,maintenancenya super repot musim hujan,0,['musim'],[0.26452741026878357],['musim'],[0.26452741026878357],['musim'],cluster_intersection,1,1,[],[],malah maintenancenya super repot kalo musim ujan.,1867__11
1502,1,kaskus,2013-07-30 14:49:43,babel,1,['babel'],[1.0],['babel'],[1.0],['babel'],cluster_intersection,1,1,[],[],kenapa babel ?,1502__1
1081,1,kaskus,2016-01-23 23:51:09,cari isi kontraknya,1,['cari'],[0.19563986361026764],['cari'],[0.19563986361026764],[],cluster_intersection,1,1,['cari'],['VERB'],cari aja isi kontraknya..,1081__1
1580,4,kaskus,2012-12-21 08:38:09,pergunakan plta air negeri melimpah kadang masuk rumah,0,"['rumah', 'negeri', 'air', 'plta', 'masuk']","[0.30438849329948425, 0.1714114248752594, 0.12120458483695984, 0.031534381210803986, 0.02469901740550995]","['rumah', 'negeri', 'air', 'plta', 'masuk']","[0.30438849329948425, 0.1714114248752594, 0.12120458483695984, 0.031534381210803986, 0.02469901740550995]","['rumah', 'negeri', 'air', 'plta']",cluster_intersection,5,5,['masuk'],['VERB'],"pergunakan saja yg ada seperti PLTA, wong air di negeri kita melimpah kadang masuk rumah malah gan.",1580__4
380,2,reddit,2023,aksesnya susah point ojek,1,['susah'],[0.12825806438922882],['susah'],[0.12825806438922882],[],cluster_intersection,1,1,['susah'],['ADJ'],"blon lg aksesnya susah, end point nya perlu naek ojek lg...",380__2
422,1,kaskus,2017-08-29 08:57:28,namanya wakil rakyat,1,"['rakyat', 'namanya']","[0.6340658068656921, 0.560575008392334]","['rakyat', 'namanya']","[0.6340658068656921, 0.560575008392334]",['rakyat'],cluster_intersection,2,2,['namanya'],['NA'],Namanya jg Wakil Rakyat.,422__1
578,0,kaskus,2016-01-10 20:23:27,perusahaan perusahaan beroperasi kapasitas pembangkitan indonesia bilang pemain utama,0,"['indonesia', 'perusahaan', 'kapasitas', 'bilang']","[0.34712541103363037, 0.2911783754825592, 0.14192241430282593, 0.13584765791893005]","['indonesia', 'perusahaan', 'kapasitas', 'bilang']","[0.34712541103363037, 0.2911783754825592, 0.14192241430282593, 0.13584765791893005]","['indonesia', 'perusahaan', 'kapasitas']",cluster_intersection,4,4,['bilang'],['VERB'],"3 perusahaan di atas merupakan perusahaan yang sudah beroperasi dengan kapasitas pembangkitan paling besar di indonesia sementara ini gan, bisa di bilang pemain utama saat ini lah.",578__0
114,0,reddit,2023,repot takut nuklir cepat lambat move batubara minyak_bumi,0,"['nuklir', 'batubara', 'takut', 'cepat']","[0.4330645799636841, 0.32254618406295776, 0.2501601576805115, 0.07026708126068115]","['nuklir', 'batubara', 'takut', 'cepat']","[0.4330645799636841, 0.32254618406295776, 0.2501601576805115, 0.07026708126068115]","['nuklir', 'batubara']",cluster_intersection,4,4,"['takut', 'cepat']","['VERB', 'ADJ']","Kok ribet amat pada takut sama nuklir, cepat atau lambat kan harus move on dari batu bara dan minyak bumi",114__0
1173,0,kaskus,2015-03-21 05:31:35,proyek terbengkalai belajar proyek multiyers kontrak jamak perpres pengadaan barang jasa,0,['proyek'],[0.392072468996048],['proyek'],[0.392072468996048],['proyek'],cluster_intersection,1,1,[],[],"Untuk proyek yang agan sebut mangkrak, mungkin agan belajar dulu apa yang disebut proyek multiyers atau kontrak tahun jamak di perpres pengadaan barang jasa..",1173__0
914,2,kaskus,2021-12-08 14:47:05,bertegantungan tenaga fosil,0,"['fosil', 'tenaga']","[0.7269865870475769, 0.5383886098861694]","['fosil', 'tenaga']","[0.7269865870475769, 0.5383886098861694]","['fosil', 'tenaga']",cluster_intersection,2,2,[],[],Untuk saat ini memang harus bertegantungan dengan tenaga fosil.,914__2
1816,4,kaskus,2012-10-16 09:39:40,maju resiko,1,"['resiko', 'maju']","[0.923636794090271, 0.4421025812625885]","['resiko', 'maju']","[0.923636794090271, 0.4421025812625885]",['resiko'],cluster_intersection,2,2,['maju'],['VERB'],Pengen MAJU tanpa RESIKO??,1816__4
720,0,kaskus,2021-11-17 09:16:24,brati diterapkan sampah plastik,0,"['plastik', 'sampah', 'diterapkan', 'brati']","[0.6597062945365906, 0.4921606183052063, 0.16200560331344604, 0.08543471992015839]","['plastik', 'sampah', 'diterapkan', 'brati']","[0.6597062945365906, 0.4921606183052063, 0.16200560331344604, 0.08543471992015839]","['plastik', 'sampah', 'brati']",sentence_tokens,0,4,['diterapkan'],['VERB'],Brati bisa diterapkan ke sampah plastik juga buk.,720__0
1085,0,kaskus,2016-01-23 23:35:00,harapan sie mudah2an solusi,1,['solusi'],[0.5022192001342773],['solusi'],[0.5022192001342773],['solusi'],cluster_intersection,1,1,[],[],harapan ane sie mudah2an solusi sementara...,1085__0
1938,0,kaskus,2012-10-12 21:49:30,settuuujuuu gannn mengusulkan pindah sebelah reaktor nuklirnya,0,"['nuklirnya', 'reaktor']","[0.5302737951278687, 0.46448948979377747]","['nuklirnya', 'reaktor']","[0.5302737951278687, 0.46448948979377747]",['reaktor'],cluster_intersection,2,2,['nuklirnya'],['NA'],SETTUUUJUUU GANNN :ngakak yang ngusulin juga harus pindah ke sebelah reaktor nuklirnya ...,1938__0
2199,0,kaskus,2017-03-10 10:40:58,indonesia kondisi geografisnya nuklir efisien lihat kondisi geologinya ngeri jepang tar,0,"['nuklir', 'indonesia', 'kondisi', 'efisien', 'jepang', 'lihat']","[0.28931379318237305, 0.2627291679382324, 0.21577012538909912, 0.19756999611854553, 0.14867758750915527, 0.0015051718801259995]","['nuklir', 'indonesia', 'kondisi', 'efisien', 'jepang', 'lihat']","[0.28931379318237305, 0.2627291679382324, 0.21577012538909912, 0.19756999611854553, 0.14867758750915527, 0.0015051718801259995]","['nuklir', 'indonesia', 'kondisi', 'jepang']",cluster_intersection,6,6,"['efisien', 'lihat']","['ADJ', 'VERB']",indonesia dengan kondisi geografisnya mungkin nuklir yang efisien tapi liat kondisi geologinya ngeri juga ya...kek jepang tar :takut,2199__0
1730,0,kaskus,2012-10-17 15:33:57,setuju listrik murah rakyat,0,"['listrik', 'rakyat', 'murah', 'setuju']","[0.5340113639831543, 0.27995267510414124, 0.2618846297264099, 0.20971381664276123]","['listrik', 'rakyat', 'murah', 'setuju']","[0.5340113639831543, 0.27995267510414124, 0.2618846297264099, 0.20971381664276123]","['listrik', 'rakyat']",cluster_intersection,4,4,"['murah', 'setuju']","['ADJ', 'VERB']","setuju, listrik murah untuk rakyat",1730__0
1100,2,kaskus,2016-01-22 17:38:43,lgsg instan,1,"['lgsg', 'instan']","[0.8270663022994995, 0.7752286791801453]","['lgsg', 'instan']","[0.8270663022994995, 0.7752286791801453]",[],sentence_tokens,0,2,"['lgsg', 'instan']","['X', 'ADJ']",Bukan lgsg instant.,1100__2
1585,0,kaskus,2012-12-21 08:11:20,setuju alasan tragedi reaktor nuklir chernobyl menewaskan warga berdosa,0,"['chernobyl', 'nuklir', 'reaktor', 'alasan', 'setuju', 'warga']","[0.5283378958702087, 0.476127952337265, 0.329628050327301, 0.21542568504810333, 0.09781365096569061, 0.05471070110797882]","['chernobyl', 'nuklir', 'reaktor', 'alasan', 'setuju', 'warga']","[0.5283378958702087, 0.476127952337265, 0.329628050327301, 0.21542568504810333, 0.09781365096569061, 0.05471070110797882]","['chernobyl', 'nuklir', 'reaktor', 'alasan', 'warga']",cluster_intersection,6,6,['setuju'],['VERB'],"Saya menyatakan tidak setuju Gan, alasan saya adalah mengingat tragedi di reaktor nuklir Chernobyl, yang banyak menewaskan warga tak berdosa, :takut",1585__0
760,3,kaskus,2018-08-02 13:33:00,thun heboh bngt pertamina alih kelola total adem koar pertamina berhasil menemukan gas kah gas kah,0,"['gas', 'pertamina']","[0.5257321000099182, 0.1046672910451889]","['gas', 'pertamina']","[0.5257321000099182, 0.1046672910451889]","['gas', 'pertamina']",cluster_intersection,2,2,[],[],"terakhir thun lalu heboh bngt pertamina alih kelola total, sampe skrg adem2 aj g ad koar2 pertamina berhasil apa gitu, nemu gas baru kah, nambah gas kah",760__3
1853,0,kaskus,2012-10-15 23:56:33,setuju,1,['setuju'],[0.9999998807907104],['setuju'],[0.9999998807907104],[],cluster_intersection,1,1,['setuju'],['VERB'],SETUJU gan..,1853__0
2152,16,kaskus,2017-03-11 09:41:13,memilih tinggal terpencil fasilitas masyarakat sisanya,0,"['masyarakat', 'tinggal']","[0.2738070487976074, 0.23241060972213745]","['masyarakat', 'tinggal']","[0.2738070487976074, 0.23241060972213745]",['masyarakat'],cluster_intersection,2,2,['tinggal'],['VERB'],"Kalo ada sebagian orang yang memilih tinggal di tempat terpencil, ya jangan minta dapat fasilitas seperti masyarakat sisanya.",2152__16
1062,5,kaskus,2016-01-30 08:06:37,bumerang telinga kabinet dengar,1,"['telinga', 'dengar', 'bumerang', 'kabinet']","[0.5979553461074829, 0.5133308172225952, 0.3880072236061096, 0.357596218585968]","['telinga', 'dengar', 'bumerang', 'kabinet']","[0.5979553461074829, 0.5133308172225952, 0.3880072236061096, 0.357596218585968]","['telinga', 'kabinet']",sentence_tokens,0,4,"['dengar', 'bumerang']","['VERB', 'VERB']",jadi bumerang di kemudian hari (semoga telinga kabinet sekarang denger),1062__5
2126,28,kaskus,2017-03-12 13:34:54,dosa dirut beserta pemerintahan sby pln rusak citra pln buruk,0,['pln'],[0.06150435656309128],['pln'],[0.06150435656309128],['pln'],cluster_intersection,1,1,[],[],"dosa dirut2 dahulu beserta pemerintahan sby bikin pln rusak, citra pln juga uda buruk gan.",2126__28
1718,1,kaskus,2012-10-18 02:45:05,mengganti atap rumah warga panel surya,0,"['surya', 'panel', 'rumah', 'warga']","[0.4109779894351959, 0.32025569677352905, 0.2431689202785492, 0.11529889702796936]","['surya', 'panel', 'rumah', 'warga']","[0.4109779894351959, 0.32025569677352905, 0.2431689202785492, 0.11529889702796936]","['surya', 'panel', 'rumah', 'warga']",cluster_intersection,4,4,[],[],tapi mengganti atap2 rumah warga menjadi panel surya.,1718__1
779,1,kaskus,2018-08-02 10:39:57,cuman pertamina gandeng dananya kuat mengelola,0,"['pertamina', 'cuman']","[0.1782061606645584, 0.08080901205539703]","['pertamina', 'cuman']","[0.1782061606645584, 0.08080901205539703]",['pertamina'],cluster_intersection,2,2,['cuman'],['ADV'],cuman nggak tahu pertamina mau gandeng pihak lain nggak .secara dananya kudu kuat di depan tuh untuk ngelolanya,779__1
2238,7,kaskus,2017-03-10 07:56:26,jakarta bilang hasilnya,1,"['bilang', 'jakarta']","[0.5265911817550659, 0.32379141449928284]","['bilang', 'jakarta']","[0.5265911817550659, 0.32379141449928284]",['jakarta'],cluster_intersection,2,2,['bilang'],['VERB'],Itu yang di Jakarta seperti anda bilang sendiri hasilnya sama saja.,2238__7
922,0,kaskus,2019-01-27 11:26:30,pertanyaannya ketercapaian bauran energi_terbarukan target,1,"['energi_terbarukan', 'target']","[0.5475130677223206, 0.3283640146255493]","['energi_terbarukan', 'target']","[0.5475130677223206, 0.3283640146255493]","['energi_terbarukan', 'target']",cluster_intersection,2,2,[],[],"Pertanyaannya, ketercapaian bauran energi terbarukan bakal sesuai dengan target kita ga?",922__0
6,3,reddit,2022,secepatnya,1,['secepatnya'],[0.9999999403953552],['secepatnya'],[0.9999999403953552],[],sentence_tokens,0,1,['secepatnya'],['NA'],Semoga aja ada yg beneran jadi secepatnya.,6__3
2086,4,kaskus,2017-03-15 22:33:27,dibagi lumayan,1,['lumayan'],[0.30095967650413513],['lumayan'],[0.30095967650413513],[],cluster_intersection,1,1,['lumayan'],['ADV'],tapi kalau dibagi ke 10 orang yah masih lumayan,2086__4
341,4,reddit,2019,dpr setuju merubah uu pltn pastinya mencari dikorupsiin risetnya mengarah kesitu,0,"['setuju', 'pltn']","[0.12275739759206772, 0.10017366707324982]","['setuju', 'pltn']","[0.12275739759206772, 0.10017366707324982]",['pltn'],cluster_intersection,2,2,['setuju'],['VERB'],Kalau DPR setuju merubah UU PLTN ini pastinya mereka nyari cara gimana biar bisa dikorupsiin dulu hehe risetnya mereka pasti mengarah kesitu.,341__4
1175,5,kaskus,2015-03-20 21:48:18,terlepas mendukung pembangunan pltn indonesia,0,"['indonesia', 'pembangunan', 'pltn']","[0.485956609249115, 0.34421306848526, 0.07388531416654587]","['indonesia', 'pembangunan', 'pltn']","[0.485956609249115, 0.34421306848526, 0.07388531416654587]","['indonesia', 'pembangunan', 'pltn']",cluster_intersection,3,3,[],[],"Tp terlepas dr hal tsb, ane SANGAT MENDUKUNG pembangunan PLTN di Indonesia:D",1175__5
434,6,kaskus,2017-08-28 05:59:14,eropa plta ditinggalkan,1,['plta'],[0.5019084215164185],['plta'],[0.5019084215164185],['plta'],cluster_intersection,1,1,[],[],Di Eropa PLTA mulai ditinggalkan.,434__6
641,5,kaskus,2022-07-09 17:58:48,name impor,1,"['impor', 'name']","[0.7420981526374817, 0.6915097832679749]","['impor', 'name']","[0.7420981526374817, 0.6915097832679749]","['impor', 'name']",sentence_tokens,0,2,[],[],Name it yang tidak kita impor?,641__5
1641,4,kaskus,2012-10-26 07:03:27,aman instalasi pengolahan sampah organik sewer system nampung hasil buangan toilet warga masukin pengolahan,0,"['warga', 'hasil', 'aman']","[0.035742126405239105, -0.056452736258506775, -0.06841205060482025]","['warga', 'hasil', 'aman']","[0.035742126405239105, -0.056452736258506775, -0.06841205060482025]","['warga', 'hasil']",cluster_intersection,3,3,['aman'],['ADJ'],"kalau mau yang lebih aman sebenarnya ada satu cara yang lebih baik, buat instalasi pengolahan sampah organik dan sewer system buat nampung hasil buangan toilet warga, trus masukin pengolahan dan",1641__4
1837,1,kaskus,2012-10-16 01:30:29,ekosistem dikendalikan tambahan biaya,0,['biaya'],[0.2776026725769043],['biaya'],[0.2776026725769043],['biaya'],cluster_intersection,1,1,[],[],"memang masalah ekosistem , tapi bisa dikendalikan dengan tambahan biaya tentunya.",1837__1
706,4,kaskus,2021-11-17 09:42:36,berubah peruntukan pajaknya,1,"['pajaknya', 'berubah', 'peruntukan']","[0.7023845911026001, 0.5189500451087952, 0.32966750860214233]","['pajaknya', 'berubah', 'peruntukan']","[0.7023845911026001, 0.5189500451087952, 0.32966750860214233]",['peruntukan'],sentence_tokens,0,3,"['pajaknya', 'berubah']","['NA', 'VERB']",padahal tidak ada yang berubah dari peruntukan pajaknya,706__4
1774,8,kaskus,2012-10-16 15:18:14,foto pribadi foto persis lihat disana,1,"['pribadi', 'lihat']","[0.40542614459991455, 0.2825019955635071]","['pribadi', 'lihat']","[0.40542614459991455, 0.2825019955635071]",[],cluster_intersection,2,2,"['pribadi', 'lihat']","['ADJ', 'VERB']",":hammer: gw ngga punya foto pribadi, tapi foto ini sama persis dengan yg gw lihat disana...",1774__8
1490,0,kaskus,2013-07-30 18:41:11,pakai nuklir tetangga berani,0,"['nuklir', 'pakai']","[0.6166123747825623, 0.08698949217796326]","['nuklir', 'pakai']","[0.6166123747825623, 0.08698949217796326]",['nuklir'],cluster_intersection,2,2,['pakai'],['VERB'],boleh lah pakai nuklir biar tetangga nggak berani macam2,1490__0
2381,6,kaskus,2017-03-08 20:50:43,mantan superpower,1,"['superpower', 'mantan']","[0.8459986448287964, 0.5337023735046387]","['superpower', 'mantan']","[0.8459986448287964, 0.5337023735046387]","['superpower', 'mantan']",sentence_tokens,0,2,[],[],mereka mantan superpower.,2381__6
2040,0,kaskus,2017-06-29 22:14:47,energi nukir fosil,0,"['fosil', 'energi']","[0.7107584476470947, 0.6658019423484802]","['fosil', 'energi']","[0.7107584476470947, 0.6658019423484802]","['fosil', 'energi']",cluster_intersection,2,2,[],[],Energi Nukir ataupun Fosil sama bray,2040__0
1797,1,kaskus,2012-10-16 12:20:32,b font courier new right kaskus providing basic human rights freedom speech,0,"['rights', 'freedom', 'right', 'basic', 'speech', 'new', 'b', 'human', 'kaskus', 'courier', 'font', 'providing']","[0.3538548946380615, 0.31600815057754517, 0.2379889190196991, 0.19514590501785278, 0.19035692512989044, 0.1731511801481247, 0.14128971099853516, 0.1364319920539856, 0.09280174970626831, 0.07209579646587372, 0.04378844425082207, 0.0391395278275013]","['rights', 'freedom', 'right', 'basic', 'speech', 'new', 'b', 'human', 'kaskus', 'courier']","[0.3538548946380615, 0.31600815057754517, 0.2379889190196991, 0.19514590501785278, 0.19035692512989044, 0.1731511801481247, 0.14128971099853516, 0.1364319920539856, 0.09280174970626831, 0.07209579646587372]",[],sentence_tokens,0,12,"['rights', 'freedom', 'right', 'basic', 'speech', 'new', 'b', 'human', 'kaskus', 'courier']","['X', 'X', 'X', 'X', 'X', 'X', 'X', 'X', 'X', 'X']",:D /B FONT Courier New RIGHT Kaskus is providing basic human rights such as freedom of speech.,1797__1
506,70,kaskus,2013-04-03 09:12:35,pmk,1,['pmk'],[0.9999998807907104],['pmk'],[0.9999998807907104],['pmk'],sentence_tokens,0,1,[],[],,506__70
2505,25,kaskus,2016-10-15 06:49:47,pltp ramah lingkugan minim limbah,0,"['limbah', 'pltp']","[0.4652988612651825, 0.2894708216190338]","['limbah', 'pltp']","[0.4652988612651825, 0.2894708216190338]","['limbah', 'pltp']",cluster_intersection,2,2,[],[],"sejauh ini PLTP sangat lah ramah lingkugan gan, dan minim limbah.",2505__25
2163,2,kaskus,2017-03-10 19:08:47,perusahaan masuk manila franchise daerah manila,0,"['perusahaan', 'daerah', 'masuk']","[0.42354607582092285, 0.2791675329208374, 0.06979608535766602]","['perusahaan', 'daerah', 'masuk']","[0.42354607582092285, 0.2791675329208374, 0.06979608535766602]","['perusahaan', 'daerah']",cluster_intersection,3,3,['masuk'],['VERB'],"Jadi kalau misalnya ada perusahaan lain yang mau masuk ke Manila, bisa meminta franchise untuk daerah Manila dan sekitarnya.",2163__2
1656,10,kaskus,2012-10-24 18:56:10,alasan adat memilih mengimpor jawa,1,"['alasan', 'jawa']","[0.35450369119644165, 0.09060516208410263]","['alasan', 'jawa']","[0.35450369119644165, 0.09060516208410263]","['alasan', 'jawa']",cluster_intersection,2,2,[],[],karena alasan adat dan lebih memilih tetap mengimpor dari p jawa :),1656__10
2266,0,kaskus,2017-03-09 23:50:03,ts bilang ilmuwan negara jerman denmark bodoh dicoba hasilnya trial eror resiko pesat itung2annya gelontorin dana sebego pemerintah jerman,0,"['resiko', 'pemerintah', 'bilang', 'jerman', 'negara']","[0.22837033867835999, 0.16902342438697815, 0.15277187526226044, 0.14102064073085785, 0.10460388660430908]","['resiko', 'pemerintah', 'bilang', 'jerman', 'negara']","[0.22837033867835999, 0.16902342438697815, 0.15277187526226044, 0.14102064073085785, 0.10460388660430908]","['resiko', 'pemerintah', 'jerman', 'negara']",cluster_intersection,5,5,['bilang'],['VERB'],Dengan kata lain TS bilang ilmuwan negara jerman denmark bego..klo ga dicoba mana tw hasilnya..trial eror..itu memang resiko..mereka pst udh punya itung2annya sampe gelontorin dana gede...emang sebego apa pemerintah jerman,2266__0
1055,1,kaskus,2016-01-30 11:26:16,juaga alasannya duit terlambat pasokannya,1,"['alasannya', 'duit']","[0.3455839157104492, 0.2561449110507965]","['alasannya', 'duit']","[0.3455839157104492, 0.2561449110507965]",['duit'],cluster_intersection,2,2,['alasannya'],['NA'],juaga alasannya kalo duit kgk ada...pasti.telat pasokannya....:ngakaks :ngakaks :ngakak,1055__1
2073,12,kaskus,2017-03-25 12:00:08,hitungannya beda,1,['beda'],[0.6518324613571167],['beda'],[0.6518324613571167],[],cluster_intersection,1,1,['beda'],['ADJ'],Hitungannya beda jauh.,2073__12
545,2,kaskus,2024-12-04 12:22:34,kementerian paham paham potensi geothermal,0,"['geothermal', 'potensi']","[0.5276159048080444, 0.29193252325057983]","['geothermal', 'potensi']","[0.5276159048080444, 0.29193252325057983]","['geothermal', 'potensi']",cluster_intersection,2,2,[],[],Bukan nya Kementrian nggak paham / nggak ngeuh masalah potensi dari Geothermal,545__2
117,0,reddit,2023,bagus statistik,1,['bagus'],[0.4689015746116638],['bagus'],[0.4689015746116638],[],cluster_intersection,1,1,['bagus'],['ADJ'],Nice statistik.,117__0
2346,0,kaskus,2017-03-09 19:40:21,bangun turbin airnya laut dialiri arus panas dingin,0,"['panas', 'turbin', 'laut', 'bangun']","[0.3552637994289398, 0.2256571650505066, 0.21729134023189545, 0.146056666970253]","['panas', 'turbin', 'laut', 'bangun']","[0.3552637994289398, 0.2256571650505066, 0.21729134023189545, 0.146056666970253]","['turbin', 'laut']",cluster_intersection,4,4,"['panas', 'bangun']","['ADJ', 'VERB']",kalo bangun turbin airnya di bawah laut yang dialiri arus panas/dingin bisa ngga?,2346__0
1781,6,kaskus,2012-10-16 14:13:30,kuliah manajemen resiko,1,['resiko'],[0.5463359355926514],['resiko'],[0.5463359355926514],['resiko'],cluster_intersection,1,1,[],[],:cd Kagak pernah kuliah manajemen resiko ya?,1781__6
1782,0,kaskus,2012-10-16 13:54:37,indonesia reaktor nuklir gempa yogyakarta reaktor kartini,0,"['reaktor', 'nuklir', 'indonesia', 'gempa']","[0.47009846568107605, 0.44043251872062683, 0.31743133068084717, 0.22927626967430115]","['reaktor', 'nuklir', 'indonesia', 'gempa']","[0.47009846568107605, 0.44043251872062683, 0.31743133068084717, 0.22927626967430115]","['reaktor', 'nuklir', 'indonesia', 'gempa']",cluster_intersection,4,4,[],[],"dan Indonesia bukannya sejak dulu sudah punya reaktor nuklir, waktu gempa Yogya reaktor Kartini baik-baik saja :D",1782__0
1029,26,kaskus,2015-12-28 09:18:03,green right,1,['right'],[0.5899864435195923],['right'],[0.5899864435195923],['right'],cluster_intersection,1,1,[],[],"But they are green, right?",1029__26
1239,1,kaskus,2015-03-18 21:37:26,kepilih lihat samarinda jalan ditanemin pohon rusak banjir heran kepilih,0,"['lihat', 'jalan']","[0.10719460248947144, 0.06883050501346588]","['lihat', 'jalan']","[0.10719460248947144, 0.06883050501346588]",['jalan'],cluster_intersection,2,2,['lihat'],['VERB'],"tp gak tau kenapa bisa kepilih lagi) Liat tuh samarinda,jalan aja ditanemin pohon,rusak semua,tiap taun banjir,ane heran bisa kepilih lagi",1239__1
741,0,kaskus,2021-06-05 20:55:41,manusia hidup sehari mengeluarkan karbon,0,"['karbon', 'hidup', 'manusia']","[0.5327025055885315, 0.37822824716567993, 0.29427269101142883]","['karbon', 'hidup', 'manusia']","[0.5327025055885315, 0.37822824716567993, 0.29427269101142883]","['karbon', 'manusia']",cluster_intersection,3,3,['hidup'],['VERB'],manusia idup sehari ngeluarin brp banyak karbon tuh ya :bingung,741__0
1858,0,kaskus,2012-10-15 23:40:43,setuju bargaining power amerika negara maju,0,"['amerika', 'power', 'negara', 'setuju', 'maju']","[0.4052773714065552, 0.2696765661239624, 0.23312769830226898, 0.18225832283496857, 0.07501336932182312]","['amerika', 'power', 'negara', 'setuju', 'maju']","[0.4052773714065552, 0.2696765661239624, 0.23312769830226898, 0.18225832283496857, 0.07501336932182312]","['amerika', 'power', 'negara']",cluster_intersection,5,5,"['setuju', 'maju']","['VERB', 'VERB']","setuju banget gan, supaya kita punya bargaining power dengan amerika dan negara maju gan.",1858__0
1737,4,kaskus,2012-10-17 07:17:51,pltn generasi koreksi,1,"['koreksi', 'pltn']","[0.6231432557106018, 0.25339213013648987]","['koreksi', 'pltn']","[0.6231432557106018, 0.25339213013648987]","['koreksi', 'pltn']",cluster_intersection,2,2,[],[],selain itu PLTN-nya pun masih generasi pertama CMIIW ya :malu:,1737__4
2291,2,kaskus,2017-03-09 21:47:47,takut duluan lsm,1,['takut'],[0.7163944244384766],['takut'],[0.7163944244384766],[],cluster_intersection,1,1,['takut'],['VERB'],Kalo di sini udah takut duluan sama LSM bre.,2291__2
2179,0,kaskus,2017-03-10 14:08:12,ongkosin,1,['ongkosin'],[1.0000001192092896],['ongkosin'],[1.0000001192092896],['ongkosin'],sentence_tokens,0,1,[],[],"mau ongkosin, enggak?",2179__0
1751,7,kaskus,2012-10-16 21:06:37,pengembangan teknologi nuklir jerman perdebatan agenda politik sengketa energi rusia belarus kecelakaan fukushima,0,"['nuklir', 'politik', 'teknologi', 'fukushima', 'energi', 'pengembangan', 'jerman']","[0.34823086857795715, 0.2183530032634735, 0.2176147997379303, 0.1822057068347931, 0.16031424701213837, 0.1143747866153717, 0.005811639130115509]","['nuklir', 'politik', 'teknologi', 'fukushima', 'energi', 'pengembangan', 'jerman']","[0.34823086857795715, 0.2183530032634735, 0.2176147997379303, 0.1822057068347931, 0.16031424701213837, 0.1143747866153717, 0.005811639130115509]","['nuklir', 'politik', 'teknologi', 'fukushima', 'energi', 'pengembangan', 'jerman']",cluster_intersection,7,7,[],[],"Pengembangan teknologi nuklir di Jerman menjadi perdebatan dalam agenda politik, terlebih adanya sengketa energi antara Rusia dan Belarus tahun 2007 dan kecelakaan Fukushima tahun 2011.",1751__7
2152,4,kaskus,2017-03-11 09:41:13,puluhan namanya natural monopoly,0,"['natural', 'puluhan', 'namanya']","[0.4312361478805542, 0.3019421696662903, 0.19011443853378296]","['natural', 'puluhan', 'namanya']","[0.4312361478805542, 0.3019421696662903, 0.19011443853378296]",[],cluster_intersection,3,3,"['natural', 'puluhan', 'namanya']","['ADJ', 'NUM', 'NA']","Dan itu berlangsung hingga puluhan tahun, dan tidak ada itu yang namanya natural monopoly.",2152__4
1665,25,kaskus,2012-10-24 12:34:51,departemen energi bukti fasilitas nuklir aman,0,"['nuklir', 'energi', 'aman']","[0.5653671026229858, 0.41231226921081543, 0.13466507196426392]","['nuklir', 'energi', 'aman']","[0.5653671026229858, 0.41231226921081543, 0.13466507196426392]",['energi'],cluster_intersection,3,3,"['nuklir', 'aman']","['ADJ', 'ADJ']",Namun Departemen Energy mengatakan tidak ada bukti bahwa fasilitas nuklir mereka tidak aman.,1665__25
2484,1,kaskus,2016-10-15 09:05:51,sol,1,['sol'],[1.0000001192092896],['sol'],[1.0000001192092896],['sol'],sentence_tokens,0,1,[],[],SOL :cool,2484__1
1240,0,kaskus,2015-03-18 21:29:09,kiamat,1,['kiamat'],[1.0000001192092896],['kiamat'],[1.0000001192092896],['kiamat'],sentence_tokens,0,1,[],[],"Siap siap kiamat, kalo orang sini yg ngerjain",1240__0
506,44,kaskus,2013-04-03 09:12:35,tahap crash program rangka mempercepat pengembangan panas_bumi,0,"['panas_bumi', 'pengembangan']","[0.2967402935028076, 0.28270968794822693]","['panas_bumi', 'pengembangan']","[0.2967402935028076, 0.28270968794822693]","['panas_bumi', 'pengembangan']",cluster_intersection,2,2,[],[],"Plafon harga untuk energi panas bumi: US 9.7 cents/Kwh Jika harga melebihi US 9.7 cents /KWh, maka diperlukan negosiasi antara kedua belah pihak.",506__44
559,1,kaskus,2016-03-21 21:16:32,company oil gas company langsung terkena imbas,0,"['gas', 'langsung']","[0.49934858083724976, 0.12010864913463593]","['gas', 'langsung']","[0.49934858083724976, 0.12010864913463593]",['gas'],cluster_intersection,2,2,['langsung'],['ADV'],"company dari oil gas company, secara tidak langsung terkena imbas",559__1
264,0,reddit,2023,plts resiko terbengkalai tinggal pasang,1,"['resiko', 'plts', 'tinggal', 'pasang']","[0.6301953196525574, 0.1727704107761383, 0.0983070582151413, 0.04757217317819595]","['resiko', 'plts', 'tinggal', 'pasang']","[0.6301953196525574, 0.1727704107761383, 0.0983070582151413, 0.04757217317819595]","['resiko', 'plts']",cluster_intersection,4,4,"['tinggal', 'pasang']","['ADV', 'VERB']",PLTS ga resiko mangkrak tinggal pasang,264__0
359,2,reddit,2023,distribusinya berpikir sutet gitet pltu secepatnya bangun nuklir,0,"['nuklir', 'bangun', 'pltu']","[0.45598605275154114, 0.07067756354808807, -0.00676442077383399]","['nuklir', 'bangun', 'pltu']","[0.45598605275154114, 0.07067756354808807, -0.00676442077383399]","['nuklir', 'bangun', 'pltu']",cluster_intersection,3,3,[],[],"Distribusinya ya mikir dong, itu sutet sama gitet ya dari PLTU, kalau mau nggak ada asap ya bangun nuklir.",359__2
1550,7,kaskus,2012-12-21 23:46:35,beli listrik itupun monyet ingusan tereak sumber daya energi diserahkan asing,0,"['energi', 'listrik', 'daya', 'sumber', 'asing', 'beli']","[0.381256639957428, 0.3135607838630676, 0.2576208710670471, 0.17168110609054565, 0.12894712388515472, -0.001323506236076355]","['energi', 'listrik', 'daya', 'sumber', 'asing', 'beli']","[0.381256639957428, 0.3135607838630676, 0.2576208710670471, 0.17168110609054565, 0.12894712388515472, -0.001323506236076355]","['energi', 'listrik', 'daya', 'sumber']",cluster_intersection,6,6,"['asing', 'beli']","['ADJ', 'VERB']",cuma beli listriknya doang :ngakak itupun klau gak ada monyet2 ababil tereak2 lagi masalah sumber daya energi diserahkan ke ASING lagi :p :ngakaks,1550__7
2189,0,kaskus,2017-03-10 11:26:55,akh menyimak,1,"['menyimak', 'akh']","[0.9217279553413391, 0.7658693194389343]","['menyimak', 'akh']","[0.9217279553413391, 0.7658693194389343]",[],sentence_tokens,0,2,"['menyimak', 'akh']","['VERB', 'X']",akh elo gak menyimak...,2189__0
603,0,kaskus,2015-04-24 21:16:41,ramah bahan_bakar pltu memanfaatkan batubara pembakarannya batubara dihasilkan proses tambang,0,"['batubara', 'bahan_bakar', 'dihasilkan', 'proses', 'pltu']","[0.500339150428772, 0.3424872159957886, 0.16203849017620087, 0.10837645083665848, -0.0016801226884126663]","['batubara', 'bahan_bakar', 'dihasilkan', 'proses', 'pltu']","[0.500339150428772, 0.3424872159957886, 0.16203849017620087, 0.10837645083665848, -0.0016801226884126663]","['batubara', 'bahan_bakar', 'proses', 'pltu']",cluster_intersection,5,5,['dihasilkan'],['VERB'],"Iya gan, juga ramah bahan bakar, tidak seperti PLTU yang memanfaatkan batubara untuk pembakarannya, dan batubara harus dihasilkan dari proses tambang..",603__0
1263,0,kaskus,2015-03-18 15:03:16,pltn full computerized,1,"['full', 'pltn']","[0.6427804231643677, 0.3745412826538086]","['full', 'pltn']","[0.6427804231643677, 0.3745412826538086]","['full', 'pltn']",cluster_intersection,2,2,[],[],PLTN yang ada sekarang ini semuanya sudah full computerized .,1263__0
569,0,kaskus,2016-02-05 15:16:30,kerja,1,['kerja'],[1.0000001192092896],['kerja'],[1.0000001192092896],['kerja'],cluster_intersection,1,1,[],[],agan udah kerja?,569__0
2058,6,kaskus,2017-04-08 17:37:46,lupa negara,1,['negara'],[0.775790810585022],['negara'],[0.775790810585022],['negara'],cluster_intersection,1,1,[],[],"Sering kali kita lupa kalau negara ini punya kita, lho.",2058__6
1755,1,kaskus,2012-10-16 17:54:53,buku ipa jaman jebot,1,['jaman'],[0.48109129071235657],['jaman'],[0.48109129071235657],['jaman'],cluster_intersection,1,1,[],[],buku IPA jaman jebot tahun kapan ?,1755__1
592,5,kaskus,2014-06-01 09:00:07,center center b menempatkan panas b center center sumber air panas geothermal permukaan air panas langsung dipipakan membutuhkan panas,0,"['geothermal', 'center', 'panas', 'sumber', 'air', 'langsung']","[0.3570450246334076, 0.32074934244155884, 0.30598875880241394, 0.13368971645832062, 0.06768688559532166, 0.06440407782793045]","['geothermal', 'center', 'panas', 'sumber', 'air', 'langsung']","[0.3570450246334076, 0.32074934244155884, 0.30598875880241394, 0.13368971645832062, 0.06768688559532166, 0.06440407782793045]","['geothermal', 'center', 'sumber', 'air']",cluster_intersection,6,6,"['panas', 'langsung']","['ADJ', 'ADV']","/CENTER CENTER B Menempatkan panas untuk bekerja /B /CENTER CENTER Dimana ada sumber air panas geothermal dekat permukaan, air panas itu dapat langsung dipipakan ke tempat yang membutuhkan panas.",592__5
437,1,kaskus,2017-08-28 00:04:25,indonesia nuklir,0,"['nuklir', 'indonesia']","[0.7224599123001099, 0.6770704388618469]","['nuklir', 'indonesia']","[0.7224599123001099, 0.6770704388618469]","['nuklir', 'indonesia']",cluster_intersection,2,2,[],[],Yang masih baru di Indonesia itu Nuklir gan.,437__1
522,0,kaskus,2013-12-01 17:48:57,indoneia alamnya diragukan,0,"['indoneia', 'alamnya', 'diragukan']","[0.6322659254074097, 0.4358620047569275, 0.3157673478126526]","['indoneia', 'alamnya', 'diragukan']","[0.6322659254074097, 0.4358620047569275, 0.3157673478126526]",['indoneia'],sentence_tokens,0,3,"['alamnya', 'diragukan']","['NA', 'VERB']",Indoneia alamnya ga perlu diragukan lagi Gan..,522__0
2055,5,kaskus,2017-04-09 12:54:57,analisa pakai thorium uranium,0,"['uranium', 'thorium', 'pakai']","[0.6448661088943481, 0.5897235870361328, 0.05984266474843025]","['uranium', 'thorium', 'pakai']","[0.6448661088943481, 0.5897235870361328, 0.05984266474843025]","['uranium', 'thorium']",cluster_intersection,3,3,['pakai'],['VERB'],"Kalau iya, itu nanti bakal ada analisa apakah mau pakai thorium atau uranium.",2055__5
1042,0,kaskus,2015-12-27 21:58:00,poin utamanya 200peraknya,1,"['200peraknya', 'utamanya', 'poin']","[0.7777940034866333, 0.30466926097869873, 0.26188239455223083]","['200peraknya', 'utamanya', 'poin']","[0.7777940034866333, 0.30466926097869873, 0.26188239455223083]",['poin'],sentence_tokens,0,3,"['200peraknya', 'utamanya']","['NA', 'NA']","Nah ini poin utamanya, bukan soal 200peraknya",1042__0
262,1,reddit,2023,butuh lazim panel surya,0,"['surya', 'panel', 'butuh']","[0.5961688756942749, 0.39592236280441284, 0.218071848154068]","['surya', 'panel', 'butuh']","[0.5961688756942749, 0.39592236280441284, 0.218071848154068]","['surya', 'panel']",cluster_intersection,3,3,['butuh'],['VERB'],tetapi mungkin butuh 10-20 tahun lagi ketika udh lazim panel surya,262__1
2086,5,kaskus,2017-03-15 22:33:27,dibagikan setahun habis,1,['habis'],[0.23924048244953156],['habis'],[0.23924048244953156],[],cluster_intersection,1,1,['habis'],['ADJ'],"tapi gak terlalu wah, dan kalau dibagikan ke 100 orang gak sampai setahun aja bakal habis,",2086__5
2505,15,kaskus,2016-10-15 06:49:47,pltp pln disana chevron pertamina,1,"['pertamina', 'pltp', 'pln']","[0.4183627963066101, 0.3506646454334259, 0.27777066826820374]","['pertamina', 'pltp', 'pln']","[0.4183627963066101, 0.3506646454334259, 0.27777066826820374]","['pertamina', 'pltp', 'pln']",cluster_intersection,3,3,[],[],itu PLTP masih punya PLN dan disana juga ada Chevron dan Pertamina.,2505__15
1349,1,kaskus,2015-04-12 21:01:21,aman gempa jepang guru,0,"['jepang', 'gempa', 'aman']","[0.5668238401412964, 0.5451986789703369, 0.3211462199687958]","['jepang', 'gempa', 'aman']","[0.5668238401412964, 0.5451986789703369, 0.3211462199687958]","['jepang', 'gempa']",cluster_intersection,3,3,['aman'],['ADJ'],nyatanya aman2 aja kan yak gempa 8 tahun lalu :capedes buat yang di jepang itu kata guru ane,1349__1
2417,17,kaskus,2016-11-05 08:14:12,pembangkit dioperasikan chevron geothermal indonesia pt pertamina menghasilkan energi listrik,0,"['geothermal', 'energi', 'listrik', 'indonesia', 'pembangkit', 'menghasilkan', 'pertamina']","[0.3800625503063202, 0.35869330167770386, 0.26684027910232544, 0.2335028350353241, 0.14651961624622345, 0.05183274298906326, -0.002719338983297348]","['geothermal', 'energi', 'listrik', 'indonesia', 'pembangkit', 'menghasilkan', 'pertamina']","[0.3800625503063202, 0.35869330167770386, 0.26684027910232544, 0.2335028350353241, 0.14651961624622345, 0.05183274298906326, -0.002719338983297348]","['geothermal', 'energi', 'listrik', 'indonesia', 'pembangkit', 'pertamina']",cluster_intersection,7,7,['menghasilkan'],['VERB'],Pembangkit yang dioperasikan bersama oleh Chevron Geothermal Indonesia dan PT Pertamina ini mampu menghasilkan energi listrik sebesar 375 MW.,2417__17
1076,7,kaskus,2016-01-24 00:49:35,kalimantan sumber batubara byarpet bensin liter,0,"['batubara', 'sumber', 'kalimantan']","[0.5441949367523193, 0.20953147113323212, 0.19792905449867249]","['batubara', 'sumber', 'kalimantan']","[0.5441949367523193, 0.20953147113323212, 0.19792905449867249]","['batubara', 'sumber', 'kalimantan']",cluster_intersection,3,3,[],[],"Kalimantan yg sumber batubara malah byarpet, bensin sempat sampai 15.000/liter.",1076__7
595,3,kaskus,2015-08-12 12:08:15,tambahan listrik padam sabar,0,['listrik'],[0.5187538266181946],['listrik'],[0.5187538266181946],['listrik'],cluster_intersection,1,1,[],[],"Oh ya gan tambahan, klo listrik padam yg sabar ya.",595__3
150,6,reddit,2023,pv panel transparant video baklan lumayan,1,"['panel', 'lumayan']","[0.36771827936172485, 0.11143587529659271]","['panel', 'lumayan']","[0.36771827936172485, 0.11143587529659271]",['panel'],cluster_intersection,2,2,['lumayan'],['ADV'],Apa lagi kalau ada pv panel yang transparant seperti di video ini ( <URL> baklan lebih lumayan.,150__6
946,0,kaskus,2017-09-24 22:10:26,membicarakan mafia membicarakan terhormat,1,['membicarakan'],[0.39504748582839966],['membicarakan'],[0.39504748582839966],[],cluster_intersection,1,1,['membicarakan'],['VERB'],Duh ngobrolin mafia mah kayaknya ngobrolin bapak-bapak yang terhormat gan.,946__0
636,4,kaskus,2022-05-04 10:50:08,memasak jam,1,['jam'],[0.4643250107765198],['jam'],[0.4643250107765198],['jam'],cluster_intersection,1,1,[],[],,636__4
2057,16,kaskus,2017-04-08 22:01:41,konsisten usaha menguasai,1,"['konsisten', 'menguasai', 'usaha']","[0.690902590751648, 0.4638277292251587, 0.4033764898777008]","['konsisten', 'menguasai', 'usaha']","[0.690902590751648, 0.4638277292251587, 0.4033764898777008]",['usaha'],sentence_tokens,0,3,"['konsisten', 'menguasai']","['ADJ', 'VERB']",Tapi ya kita harus konsisten usaha agar menguasai.,2057__16
1336,0,kaskus,2014-11-05 02:51:24,indonesia negara kepulauan bangun reaktor nuklir pulau bangun warteg sirik bangun reaktor nuklir,0,"['nuklir', 'reaktor', 'indonesia', 'pulau', 'negara', 'bangun']","[0.42514050006866455, 0.34816575050354004, 0.3066348731517792, 0.21832621097564697, 0.1314675509929657, 0.09326038509607315]","['nuklir', 'reaktor', 'indonesia', 'pulau', 'negara', 'bangun']","[0.42514050006866455, 0.34816575050354004, 0.3066348731517792, 0.21832621097564697, 0.1314675509929657, 0.09326038509607315]","['nuklir', 'reaktor', 'indonesia', 'pulau', 'negara']",cluster_intersection,6,6,['bangun'],['VERB'],"indonesia negara kepulauan gan masa mau bangun reaktor nuklir di tiap pulau gan :D Bangun warteg aja banyak yg sirik, apalagi bangun reaktor nuklir",1336__0
2440,3,kaskus,2016-10-15 18:13:04,industri telekomunikasi,0,['industri'],[0.5590105056762695],['industri'],[0.5590105056762695],['industri'],cluster_intersection,1,1,[],[],"contohnya, atau industri telekomunikasi).",2440__3
589,1,kaskus,2014-06-01 09:02:59,gambar b kegiatan lapangan uap spoiler center center indonesia berdiri perusahaan pemain industri migas,0,"['indonesia', 'center', 'perusahaan', 'industri', 'uap', 'lapangan']","[0.28861403465270996, 0.23066416382789612, 0.15725523233413696, 0.1468009352684021, 0.051355622708797455, 0.02154741808772087]","['indonesia', 'center', 'perusahaan', 'industri', 'uap', 'lapangan']","[0.28861403465270996, 0.23066416382789612, 0.15725523233413696, 0.1468009352684021, 0.051355622708797455, 0.02154741808772087]","['indonesia', 'center', 'perusahaan', 'industri', 'uap', 'lapangan']",cluster_intersection,6,6,[],[],Gambar /B Kegiatan di lapangan uap /spoiler /CENTER CENTER Di Indonesia sendiri sudah berdiri beberapa perusahaan yang juga merupakan pemain besar di industri migas.,589__1
2245,1,kaskus,2017-03-10 07:16:30,miskin literasi ketakutan bahaya,1,"['bahaya', 'ketakutan', 'literasi', 'miskin']","[0.6096181869506836, 0.5971400141716003, 0.3275147080421448, 0.20899638533592224]","['bahaya', 'ketakutan', 'literasi', 'miskin']","[0.6096181869506836, 0.5971400141716003, 0.3275147080421448, 0.20899638533592224]","['bahaya', 'ketakutan', 'literasi', 'miskin']",sentence_tokens,0,4,[],[],Miskin literasi membuat orang-orang ketakutan pada bahaya yang tidak pernah ada.,2245__1
1928,6,kaskus,2012-10-12 22:20:06,mustahil negeri sekaya kekurangan sumber energi,0,"['energi', 'sumber', 'negeri']","[0.43777310848236084, 0.28814494609832764, 0.22645913064479828]","['energi', 'sumber', 'negeri']","[0.43777310848236084, 0.28814494609832764, 0.22645913064479828]","['energi', 'sumber', 'negeri']",cluster_intersection,3,3,[],[],rasa-rasanya MUSTAHIL NEGRI SEKAYA INI KEKURANGAN SUMBER ENERGI..,1928__6
498,1,kaskus,2013-04-03 12:41:29,laahan butuh,1,['butuh'],[0.7532404661178589],['butuh'],[0.7532404661178589],[],cluster_intersection,1,1,['butuh'],['VERB'],laahan butuh gede 2.,498__1
186,1,reddit,2021,lets face cheap rich smart enough terms developing wind surya renewables contributed,0,['surya'],[0.2904151678085327],['surya'],[0.2904151678085327],['surya'],cluster_intersection,1,1,[],[],"lets face it: it s cheap we are not rich we are not smart enough in terms of developing wind, solar or other renewables some of these are contributed by",186__1
2014,0,kaskus,2021-11-07 23:08:15,batubara tetaplah pilihan negara bersih nuklir,0,"['nuklir', 'batubara', 'bersih', 'negara']","[0.44030046463012695, 0.3866521418094635, 0.24627457559108734, 0.19742512702941895]","['nuklir', 'batubara', 'bersih', 'negara']","[0.44030046463012695, 0.3866521418094635, 0.24627457559108734, 0.19742512702941895]","['nuklir', 'batubara', 'negara']",cluster_intersection,4,4,['bersih'],['ADJ'],"Saat ini coal tetaplah jadi pilihan di negara mana pun At the end, kalau mau bener-bener bersih ya nuklir",2014__0
2368,1,kaskus,2017-03-09 14:07:38,salah satunya ketemu uranium,0,"['uranium', 'salah']","[0.7234162092208862, 0.20436885952949524]","['uranium', 'salah']","[0.7234162092208862, 0.20436885952949524]",['uranium'],cluster_intersection,2,2,['salah'],['ADJ'],dan salah satunya yang ketemu itu uranium.,2368__1
2347,2,kaskus,2017-03-09 19:39:19,post total fraud,1,['total'],[0.5590907335281372],['total'],[0.5590907335281372],['total'],cluster_intersection,1,1,[],[],Post ente lah yg total fraud.,2347__2
104,2,reddit,2023,either brave enough fight last blood burn anything matter cost,0,['cost'],[0.15909913182258606],['cost'],[0.15909913182258606],['cost'],cluster_intersection,1,1,[],[],"Either we are brave enough and fight until the last blood, or we burn anything we have, no matter at what cost.",104__2
1571,0,kaskus,2012-12-21 09:08:34,serpong,1,['serpong'],[0.9999998211860657],['serpong'],[0.9999998211860657],['serpong'],sentence_tokens,0,1,[],[],di Serpong dah sejak 40 tahun lalu,1571__0
900,3,kaskus,2021-12-11 15:37:08,bangun pltd pembangkit listrik tenaga,0,"['listrik', 'tenaga', 'bangun', 'pembangkit']","[0.5890918374061584, 0.5630462169647217, 0.4075380563735962, 0.36863622069358826]","['listrik', 'tenaga', 'bangun', 'pembangkit']","[0.5890918374061584, 0.5630462169647217, 0.4075380563735962, 0.36863622069358826]","['listrik', 'tenaga', 'pembangkit']",cluster_intersection,4,4,['bangun'],['VERB'],tapi akan saya bangun PLTD (PEMBANGKIT LISTRIK TENAGA DALAM ) :O,900__3
2163,21,kaskus,2017-03-10 19:08:47,kesampingkan reputasi,1,"['reputasi', 'kesampingkan']","[0.7775335907936096, 0.5119131207466125]","['reputasi', 'kesampingkan']","[0.7775335907936096, 0.5119131207466125]",['reputasi'],sentence_tokens,0,2,['kesampingkan'],['VERB'],Tapi kita kesampingkan dulu soal reputasi.,2163__21
1029,43,kaskus,2015-12-28 09:18:03,baterai production like sausage making aspect evs routinely overlooked deliberately,0,['baterai'],[0.29849645495414734],['baterai'],[0.29849645495414734],['baterai'],cluster_intersection,1,1,[],[],Battery production (like sausage making) is an aspect of EVs that is routinely overlooked deliberately.,1029__43
1943,4,kaskus,2012-10-12 21:38:24,ikan bakar,1,"['ikan', 'bakar']","[0.8925497531890869, 0.7243085503578186]","['ikan', 'bakar']","[0.8925497531890869, 0.7243085503578186]","['ikan', 'bakar']",sentence_tokens,0,2,[],[],jadi ikan bakar..:(,1943__4
9,1,reddit,2022,javanese might notice really pay attention kalimantan sumatera harfiah sawit,0,['kalimantan'],[0.09631824493408203],['kalimantan'],[0.09631824493408203],['kalimantan'],cluster_intersection,1,1,[],[],"If you re Javanese you might not notice THAT much, but if you really pay attention to Kalimantan/Sumatera, it s literally sawit everywhere.",9__1
2426,7,kaskus,2016-10-17 19:01:44,akibat sistem pendinginnya mati,0,"['sistem', 'mati']","[0.37556731700897217, 0.33611077070236206]","['sistem', 'mati']","[0.37556731700897217, 0.33611077070236206]",['sistem'],cluster_intersection,2,2,['mati'],['ADJ'],Tapi akibat sistem pendinginnya yang mati.,2426__7
2135,1,kaskus,2017-03-11 16:36:02,menakutkan ketidaktakutan resiko,1,['resiko'],[0.5879224538803101],['resiko'],[0.5879224538803101],['resiko'],cluster_intersection,1,1,[],[],"lebih menakutkan itu adalah ketidaktakutan atas resiko yang jelas ada, apalagi",2135__1
1982,0,kaskus,2012-10-12 19:01:11,pasokan listrik jawa bali tipis,1,"['listrik', 'jawa']","[0.5734710097312927, 0.13431806862354279]","['listrik', 'jawa']","[0.5734710097312927, 0.13431806862354279]","['listrik', 'jawa']",cluster_intersection,2,2,[],[],"pasokan listrik di jawa-bali memang tipis gan,",1982__0
905,0,kaskus,2021-12-09 11:11:38,dimethyl ether kehirup pingsan,1,"['dimethyl', 'ether', 'kehirup', 'pingsan']","[0.7200459241867065, 0.2909587323665619, 0.198591947555542, 0.198045015335083]","['dimethyl', 'ether', 'kehirup', 'pingsan']","[0.7200459241867065, 0.2909587323665619, 0.198591947555542, 0.198045015335083]","['dimethyl', 'ether', 'kehirup', 'pingsan']",sentence_tokens,0,4,[],[],dimethyl ether kalo kehirup bisa bikin pingsan katanya kan yak?,905__0
2160,3,kaskus,2017-03-10 19:40:55,salut prajurit ditugaskan,1,"['prajurit', 'ditugaskan', 'salut']","[0.6599843502044678, 0.41188475489616394, 0.4076063632965088]","['prajurit', 'ditugaskan', 'salut']","[0.6599843502044678, 0.41188475489616394, 0.4076063632965088]","['prajurit', 'salut']",sentence_tokens,0,3,['ditugaskan'],['VERB'],Salut buat para prajurit yang ditugaskan di sana.,2160__3
1166,1,kaskus,2015-03-21 11:09:57,strategi salah strategi pertahanan,1,['salah'],[0.24810375273227692],['salah'],[0.24810375273227692],[],cluster_intersection,1,1,['salah'],['ADJ'],namun strategi tsb adalah salah satu strategi pertahanan yg cukup baik menurut saya.,1166__1
2051,25,kaskus,2017-05-03 00:38:41,surya panel kelebihan disatu rumah dipakai dirumah kekurangan,0,"['rumah', 'surya', 'panel', 'dipakai']","[0.3766418695449829, 0.3445127010345459, 0.2571868896484375, 0.044518619775772095]","['rumah', 'surya', 'panel', 'dipakai']","[0.3766418695449829, 0.3445127010345459, 0.2571868896484375, 0.044518619775772095]","['rumah', 'surya', 'panel']",cluster_intersection,4,4,['dipakai'],['VERB'],sehingga misalnya solar panel yang Kelebihan disatu rumah bisa dipakai dirumah yang kekurangan.,2051__25
143,1,reddit,2023,uni eropa pakai batubara winter,0,"['batubara', 'eropa', 'pakai']","[0.5189201235771179, 0.21875056624412537, 0.0688481330871582]","['batubara', 'eropa', 'pakai']","[0.5189201235771179, 0.21875056624412537, 0.0688481330871582]","['batubara', 'eropa']",cluster_intersection,3,3,['pakai'],['VERB'],Uni eropa aja pakai Batu bara pas winter.,143__1
1699,3,kaskus,2012-10-19 13:14:09,halangan mendalangi takutnya masyarakat awam tentng bahayanya,0,['masyarakat'],[0.17208167910575867],['masyarakat'],[0.17208167910575867],['masyarakat'],cluster_intersection,1,1,[],[],Hanya halangan2 dari pihak2 tertentu yg tentunya ada yg mendalangi serta masih takutnya masyarakat awam tentng bahayanya.,1699__3
2163,66,kaskus,2017-03-10 19:08:47,peyotpetot tolong bantu,1,['bantu'],[0.7152218222618103],['bantu'],[0.7152218222618103],[],cluster_intersection,1,1,['bantu'],['VERB'],Pak Peyotpetot juga tolong bantu.,2163__66
358,2,reddit,2023,jawa timur banten menutup pembangkit listrik jakarta supply,0,"['listrik', 'pembangkit', 'jawa', 'jakarta']","[0.23054593801498413, 0.07667998969554901, 0.027361039072275162, 0.022995922714471817]","['listrik', 'pembangkit', 'jawa', 'jakarta']","[0.23054593801498413, 0.07667998969554901, 0.027361039072275162, 0.022995922714471817]","['listrik', 'pembangkit', 'jawa', 'jakarta']",cluster_intersection,4,4,[],[],"Jawa Timur Banten, mana nutup pembangkit listrik di Jakarta buat supply sendiri.",358__2
2223,4,kaskus,2017-03-10 09:08:30,angin matahari menggantikan energi fosil,0,"['energi', 'fosil', 'matahari', 'angin']","[0.4119066298007965, 0.39994901418685913, 0.39752131700515747, 0.2838752269744873]","['energi', 'fosil', 'matahari', 'angin']","[0.4119066298007965, 0.39994901418685913, 0.39752131700515747, 0.2838752269744873]","['energi', 'fosil', 'matahari', 'angin']",cluster_intersection,4,4,[],[],"memang, untuk sekarang angin dan matahari belum bisa menggantikan dengan energi fosil.",2223__4
1990,0,kaskus,2012-10-12 18:39:31,b setuju,1,['setuju'],[0.733253002166748],['setuju'],[0.733253002166748],[],cluster_intersection,1,1,['setuju'],['VERB'],B Setuju...,1990__0
986,17,kaskus,2017-09-23 22:15:55,panel surya impor mudah didapatkan,0,"['surya', 'panel', 'impor']","[0.4167898893356323, 0.36169880628585815, 0.2497110366821289]","['surya', 'panel', 'impor']","[0.4167898893356323, 0.36169880628585815, 0.2497110366821289]","['surya', 'panel', 'impor']",cluster_intersection,3,3,[],[],masa panel surya impor lebih mudah didapatkan.,986__17
2412,1,kaskus,2016-11-20 01:40:58,tergantung sumber energi primer tar harga availability bahan_bakar mati lampu indonesia,0,"['energi', 'indonesia', 'bahan_bakar', 'sumber', 'harga', 'mati']","[0.33136093616485596, 0.28050878643989563, 0.23743212223052979, 0.1716551035642624, 0.1341303288936615, 0.011825449764728546]","['energi', 'indonesia', 'bahan_bakar', 'sumber', 'harga', 'mati']","[0.33136093616485596, 0.28050878643989563, 0.23743212223052979, 0.1716551035642624, 0.1341303288936615, 0.011825449764728546]","['energi', 'indonesia', 'bahan_bakar', 'sumber', 'harga']",cluster_intersection,6,6,['mati'],['ADJ'],"Jangan sampai tergantung pada satu sumber energi primer, tar kalo ada masalah dengan harga atau availability bahan bakar, bisa mati lampu se indonesia.",2412__1
590,24,kaskus,2014-06-01 09:01:59,siklus pembangkitan listrik lapangan wairakei new zealand dibeberapa lapangan indonesia lapangan awibengkok gunung,0,"['indonesia', 'gunung', 'listrik', 'lapangan']","[0.3019733428955078, 0.2681084871292114, 0.13929203152656555, 0.08067230135202408]","['indonesia', 'gunung', 'listrik', 'lapangan']","[0.3019733428955078, 0.2681084871292114, 0.13929203152656555, 0.08067230135202408]","['indonesia', 'gunung', 'listrik', 'lapangan']",cluster_intersection,4,4,[],[],"Indonesia, yaitu antara lain di lapangan Awibengkok Gunung Salak (Jawa Barat) sejak tahun 1994, Wayang Windu (Jawa Barat) sejak tahun 2000, Lahendong (Sulawesi Utara), Dieng (Jawa Tengah) dan Sibayak (Sumatera",590__24
320,1,reddit,2023,bicara,1,['bicara'],[1.0000001192092896],['bicara'],[1.0000001192092896],[],cluster_intersection,1,1,['bicara'],['VERB'],Ngomong apaan sih nggak jelas,320__1
2050,23,kaskus,2017-05-03 12:16:27,desa memakai mikrohidro makai nuklir,0,"['nuklir', 'memakai']","[0.4871451258659363, 0.07360359281301498]","['nuklir', 'memakai']","[0.4871451258659363, 0.07360359281301498]",['nuklir'],cluster_intersection,2,2,['memakai'],['VERB'],Toh desa yang make mikrohidro gak bakal makai nuklir.,2050__23
1065,1,kaskus,2016-01-29 16:05:25,menteri otaknya dipakai,1,['dipakai'],[0.31365373730659485],['dipakai'],[0.31365373730659485],[],cluster_intersection,1,1,['dipakai'],['VERB'],ada menteri yang otaknya sudah dipake..,1065__1
